field,group,model,mode,n,n_group,n_bonafide,n_spoof,eer,far,frr,fp,fn
speaker,D_0146,AASIST,within_group,110,110,6,104,89.26282051282051,0.17307692307692307,1.0,18,6
speaker,D_0146,AASIST-L,within_group,110,110,6,104,84.93589743589745,0.18269230769230768,1.0,19,6
speaker,D_0314,AASIST-L,within_group,346,346,50,296,79.86486486486486,0.28040540540540543,1.0,83,50
speaker,D_4143,AASIST,within_group,140,140,4,136,76.83823529411764,0.3382352941176471,0.75,46,3
speaker,D_1333,AASIST,within_group,378,378,50,328,72.4329268292683,0.24695121951219512,0.94,81,47
speaker,D_4160,AASIST,within_group,354,354,50,304,72.18421052631578,0.21710526315789475,1.0,66,50
speaker,D_3501,AASIST-L,within_group,434,434,50,384,70.15625,0.3046875,0.94,117,47
speaker,D_0620,AASIST-L,within_group,386,386,50,336,69.26785714285715,0.24702380952380953,1.0,83,50
speaker,D_0314,AASIST,within_group,346,346,50,296,67.95270270270271,0.36486486486486486,0.96,108,48
speaker,D_0978,AASIST-L,within_group,442,442,50,392,67.92857142857143,0.3137755102040816,0.98,123,49
speaker,D_0324,AASIST-L,within_group,274,274,50,224,67.92857142857143,0.45982142857142855,0.8,103,40
speaker,D_4048,AASIST,within_group,418,418,50,368,67.55978260869566,0.22010869565217392,1.0,81,50
speaker,D_5316,AASIST-L,within_group,410,410,50,360,66.91666666666667,0.4583333333333333,0.86,165,43
speaker,D_0582,AASIST-L,within_group,100,100,4,96,66.66666666666667,0.5416666666666666,0.75,52,3
speaker,D_4160,AASIST-L,within_group,354,354,50,304,66.22368421052632,0.24342105263157895,1.0,74,50
speaker,D_1062,AASIST-L,within_group,154,154,50,104,66.17307692307692,0.4326923076923077,0.84,45,42
speaker,D_5049,AASIST,within_group,158,158,38,120,65.39473684210526,0.275,0.868421052631579,33,33
speaker,D_4660,AASIST,within_group,127,127,31,96,64.5497311827957,0.4895833333333333,0.8709677419354839,47,27
speaker,D_0978,AASIST,within_group,442,442,50,392,64.2704081632653,0.30612244897959184,0.96,120,48
speaker,D_2218,AASIST,within_group,266,266,50,216,63.94444444444445,0.33796296296296297,0.74,73,37
speaker,D_5347,AASIST,within_group,298,298,50,248,63.854838709677416,0.36693548387096775,0.92,91,46
speaker,D_4653,AASIST-L,within_group,410,410,50,360,63.527777777777786,0.46944444444444444,0.78,169,39
speaker,D_5080,AASIST,within_group,338,338,50,288,63.29166666666667,0.34375,0.76,99,38
speaker,D_0293,AASIST-L,within_group,346,346,50,296,63.25000000000001,0.3952702702702703,0.84,117,42
speaker,D_4048,AASIST-L,within_group,418,418,50,368,62.38586956521739,0.20923913043478262,1.0,77,50
speaker,D_3737,LFCC+LCNN,within_group,458,458,50,408,62.00490196078432,0.09313725490196079,1.0,38,50
speaker,D_5316,AASIST,within_group,410,410,50,360,61.97222222222223,0.46111111111111114,0.88,166,44
speaker,D_0454,AASIST,within_group,156,156,36,120,61.80555555555556,0.30833333333333335,0.9166666666666666,37,33
speaker,D_0427,AASIST,within_group,250,250,50,200,61.74999999999999,0.32,0.92,64,46
speaker,D_5080,AASIST-L,within_group,338,338,50,288,61.72916666666667,0.2847222222222222,0.82,82,41
speaker,D_0604,AASIST-L,within_group,346,346,50,296,61.4054054054054,0.3581081081081081,0.82,106,41
speaker,D_1102,AASIST,within_group,133,133,13,120,61.18589743589744,0.38333333333333336,0.8461538461538461,46,11
speaker,D_4023,AASIST-L,within_group,378,378,50,328,61.03048780487805,0.2621951219512195,0.86,86,43
speaker,D_4660,AASIST-L,within_group,127,127,31,96,60.85349462365591,0.4166666666666667,1.0,40,31
speaker,D_3990,AASIST-L,within_group,402,402,50,352,60.11363636363636,0.3664772727272727,0.78,129,39
speaker,D_0244,AASIST-L,within_group,530,530,50,480,60.0,0.30625,0.9,147,45
speaker,D_2991,AASIST,within_group,410,410,50,360,60.0,0.44722222222222224,0.78,161,39
speaker,D_2288,AASIST-L,within_group,354,354,50,304,59.93421052631579,0.46710526315789475,0.72,142,36
speaker,D_0620,AASIST,within_group,386,386,50,336,59.910714285714285,0.32142857142857145,0.82,108,41
speaker,D_2592,AASIST-L,within_group,394,394,50,344,59.79651162790698,0.5348837209302325,0.66,184,33
speaker,D_3015,AASIST-L,within_group,426,426,50,376,59.787234042553195,0.31648936170212766,0.84,119,42
speaker,D_4322,LFCC+LCNN,within_group,402,402,50,352,59.68750000000001,0.017045454545454544,1.0,6,50
speaker,D_3015,AASIST,within_group,426,426,50,376,59.654255319148945,0.3271276595744681,0.78,123,39
speaker,D_2809,AASIST,within_group,426,426,50,376,59.388297872340424,0.3882978723404255,0.8,146,40
speaker,D_2364,AASIST-L,within_group,290,290,50,240,59.375,0.4375,0.74,105,37
speaker,D_5052,AASIST,within_group,362,362,50,312,59.166666666666664,0.3782051282051282,0.78,118,39
speaker,D_0427,AASIST-L,within_group,250,250,50,200,59.00000000000001,0.39,0.82,78,41
speaker,D_3003,LFCC+LCNN,within_group,298,298,50,248,58.83870967741935,0.04838709677419355,1.0,12,50
speaker,D_2621,AASIST,within_group,450,450,50,400,58.75,0.315,0.84,126,42
speaker,D_3361,LFCC+LCNN,within_group,386,386,50,336,58.613095238095234,0.1488095238095238,1.0,50,50
speaker,D_2266,AASIST,within_group,474,474,50,424,58.4811320754717,0.33726415094339623,0.82,143,41
speaker,D_0324,AASIST,within_group,274,274,50,224,58.46428571428572,0.45535714285714285,0.76,102,38
speaker,D_4470,AASIST-L,within_group,330,330,50,280,58.2857142857143,0.3964285714285714,0.82,111,41
speaker,D_4057,LFCC+LCNN,within_group,450,450,50,400,58.25,0.0925,0.72,37,36
speaker,D_0395,AASIST-L,within_group,154,154,10,144,58.12500000000001,0.4444444444444444,0.9,64,9
speaker,D_4137,AASIST-L,within_group,426,426,50,376,58.122340425531924,0.40691489361702127,0.8,153,40
speaker,D_3990,AASIST,within_group,402,402,50,352,58.119318181818194,0.4289772727272727,0.72,151,36
speaker,D_2327,AASIST-L,within_group,370,370,50,320,58.06250000000001,0.496875,0.66,159,33
speaker,D_0283,AASIST-L,within_group,198,198,38,160,58.00986842105264,0.325,0.8421052631578947,52,32
speaker,D_0151,AASIST-L,within_group,362,362,50,312,57.84615384615385,0.5641025641025641,0.62,176,31
speaker,D_3986,AASIST-L,within_group,290,290,50,240,57.75,0.4625,0.74,111,37
speaker,D_0151,AASIST,within_group,362,362,50,312,57.487179487179496,0.5096153846153846,0.72,159,36
speaker,D_2266,AASIST-L,within_group,474,474,50,424,57.41981132075472,0.43160377358490565,0.72,183,36
speaker,D_2396,AASIST,within_group,266,266,50,216,57.24074074074075,0.2916666666666667,0.8,63,40
speaker,D_0296,AASIST-L,within_group,362,362,50,312,57.044871794871796,0.38461538461538464,0.72,120,36
speaker,D_4719,AASIST,within_group,143,143,23,120,57.01086956521739,0.30833333333333335,0.782608695652174,37,18
speaker,D_2218,AASIST-L,within_group,266,266,50,216,56.93518518518519,0.4027777777777778,0.8,87,40
speaker,D_0538,AASIST-L,within_group,134,134,14,120,56.904761904761905,0.49166666666666664,0.7142857142857143,59,10
speaker,D_0604,AASIST,within_group,346,346,50,296,56.87162162162163,0.34459459459459457,0.78,102,39
speaker,D_5049,AASIST-L,within_group,158,158,38,120,56.8640350877193,0.275,0.9473684210526315,33,36
speaker,D_2621,AASIST-L,within_group,450,450,50,400,56.49999999999999,0.33,0.82,132,41
speaker,D_4870,AASIST-L,within_group,410,410,50,360,56.333333333333336,0.4888888888888889,0.64,176,32
speaker,D_4974,AASIST,within_group,434,434,50,384,56.296875,0.2630208333333333,0.7,101,35
speaker,D_2288,AASIST,within_group,354,354,50,304,56.125,0.4276315789473684,0.76,130,38
speaker,D_4847,AASIST-L,within_group,290,290,50,240,56.125,0.36666666666666664,0.74,88,37
speaker,D_5052,AASIST-L,within_group,362,362,50,312,56.044871794871796,0.34294871794871795,0.78,107,39
speaker,D_5347,AASIST-L,within_group,298,298,50,248,56.0241935483871,0.3548387096774194,0.92,88,46
speaker,D_4010,AASIST-L,within_group,402,402,50,352,55.98295454545455,0.48579545454545453,0.7,171,35
speaker,D_1062,AASIST,within_group,154,154,50,104,55.88461538461539,0.38461538461538464,0.7,40,35
speaker,D_2654,AASIST,within_group,314,314,50,264,55.840909090909086,0.2803030303030303,0.9,74,45
speaker,D_4363,AASIST,within_group,178,178,50,128,55.734375,0.3203125,0.84,41,42
speaker,D_0293,AASIST,within_group,346,346,50,296,55.7027027027027,0.3547297297297297,0.8,105,40
speaker,D_4321,AASIST-L,within_group,402,402,50,352,55.69886363636364,0.26704545454545453,0.82,94,41
speaker,D_3668,AASIST-L,within_group,450,450,50,400,55.625,0.3775,0.84,151,42
speaker,D_2913,AASIST,within_group,386,386,50,336,55.52976190476191,0.2619047619047619,0.9,88,45
speaker,D_5236,AASIST-L,within_group,418,418,50,368,55.44565217391304,0.2608695652173913,0.92,96,46
speaker,D_2592,AASIST,within_group,394,394,50,344,55.32558139534884,0.45348837209302323,0.66,156,33
speaker,D_3740,AASIST,within_group,154,154,42,112,55.05952380952381,0.42857142857142855,0.6904761904761905,48,29
speaker,D_4137,AASIST,within_group,426,426,50,376,54.925531914893625,0.30851063829787234,0.8,116,40
speaker,D_3501,AASIST,within_group,434,434,50,384,54.47395833333333,0.3411458333333333,0.76,131,38
speaker,D_3237,AASIST-L,within_group,386,386,50,336,54.38095238095239,0.47023809523809523,0.7,158,35
speaker,D_1896,AASIST-L,within_group,135,135,47,88,54.36411992263056,0.5340909090909091,0.5531914893617021,47,26
speaker,D_2736,AASIST,within_group,330,330,50,280,54.32142857142856,0.39285714285714285,0.7,110,35
speaker,D_4356,LFCC+LCNN,within_group,466,466,50,416,54.28365384615385,0.014423076923076924,1.0,6,50
speaker,D_4321,AASIST,within_group,402,402,50,352,54.27272727272727,0.28125,0.78,99,39
speaker,D_0538,AASIST,within_group,134,134,14,120,54.16666666666667,0.5,0.5,60,7
speaker,D_1948,AASIST-L,within_group,354,354,50,304,54.138157894736835,0.3190789473684211,0.82,97,41
speaker,D_2345,AASIST-L,within_group,442,442,50,392,54.04081632653062,0.3673469387755102,0.74,144,37
speaker,D_2327,AASIST,within_group,370,370,50,320,54.03125,0.45625,0.6,146,30
speaker,D_2809,AASIST-L,within_group,426,426,50,376,53.994680851063826,0.4654255319148936,0.72,175,36
speaker,D_2654,AASIST-L,within_group,314,314,50,264,53.89393939393939,0.2537878787878788,0.92,67,46
speaker,D_0087,AASIST,within_group,125,125,13,112,53.708791208791204,0.3392857142857143,0.9230769230769231,38,12
speaker,D_1333,AASIST-L,within_group,378,378,50,328,53.67682926829269,0.3628048780487805,0.82,119,41
speaker,D_3781,AASIST-L,within_group,426,426,50,376,53.59574468085106,0.5292553191489362,0.54,199,27
speaker,D_0454,AASIST-L,within_group,156,156,36,120,53.47222222222222,0.3333333333333333,0.9166666666666666,40,33
speaker,D_3429,LFCC+LCNN,within_group,378,378,50,328,53.21951219512195,0.11280487804878049,1.0,37,50
speaker,D_2519,AASIST-L,within_group,426,426,50,376,52.994680851063826,0.35904255319148937,0.7,135,35
speaker,D_2991,AASIST-L,within_group,410,410,50,360,52.83333333333333,0.48055555555555557,0.56,173,28
speaker,D_0065,AASIST3,within_group,113,113,9,104,52.77777777777778,0.17307692307692307,1.0,18,9
speaker,D_0244,AASIST,within_group,530,530,50,480,52.45833333333334,0.325,0.76,156,38
speaker,D_1102,AASIST-L,within_group,133,133,13,120,52.339743589743584,0.31666666666666665,0.9230769230769231,38,12
speaker,D_1948,AASIST,within_group,354,354,50,304,52.315789473684205,0.3026315789473684,0.68,92,34
speaker,D_4974,AASIST-L,within_group,434,434,50,384,52.171875,0.20052083333333334,0.84,77,42
speaker,D_1896,AASIST,within_group,135,135,47,88,52.163926499032875,0.45454545454545453,0.574468085106383,40,27
speaker,D_1807,AASIST-L,within_group,458,458,50,408,52.10294117647059,0.3627450980392157,0.7,148,35
speaker,D_3933,AASIST,within_group,290,290,50,240,52.04166666666667,0.5291666666666667,0.5,127,25
speaker,D_1921,AASIST-L,within_group,426,426,50,376,51.930851063829785,0.27925531914893614,0.86,105,43
speaker,D_4847,AASIST,within_group,290,290,50,240,51.83333333333333,0.2875,0.68,69,34
speaker,D_1631,AASIST-L,within_group,346,346,50,296,51.67567567567568,0.34797297297297297,0.82,103,41
speaker,D_4461,AASIST,within_group,124,124,4,120,51.66666666666666,0.3333333333333333,0.75,40,3
speaker,D_3975,AASIST,within_group,122,122,2,120,51.66666666666666,0.4666666666666667,0.5,56,1
speaker,D_4767,AASIST-L,within_group,442,442,50,392,51.63775510204081,0.4897959183673469,0.58,192,29
speaker,D_1708,AASIST-L,within_group,290,290,50,240,51.625,0.45,0.54,108,27
speaker,D_2657,AASIST-L,within_group,410,410,50,360,51.55555555555556,0.36944444444444446,0.7,133,35
speaker,D_1631,AASIST,within_group,346,346,50,296,51.50675675675676,0.3952702702702703,0.72,117,36
speaker,D_4719,AASIST-L,within_group,143,143,23,120,51.5036231884058,0.3,0.782608695652174,36,18
speaker,D_3622,AASIST-L,within_group,450,450,50,400,51.5,0.305,0.76,122,38
speaker,D_0985,AASIST-L,within_group,394,394,50,344,51.45348837209303,0.37790697674418605,0.82,130,41
speaker,D_4882,LFCC+LCNN,within_group,282,282,50,232,51.43103448275862,0.0603448275862069,1.0,14,50
speaker,D_1112,AASIST,within_group,290,290,50,240,51.208333333333336,0.30416666666666664,0.86,73,43
speaker,D_1125,AASIST,within_group,149,149,21,128,51.19047619047619,0.3984375,0.6190476190476191,51,13
speaker,D_0087,AASIST-L,within_group,125,125,13,112,51.030219780219774,0.25,0.8461538461538461,28,11
speaker,D_4831,AASIST-L,within_group,104,104,24,80,50.625,0.4625,0.5,37,12
speaker,D_4957,AASIST-L,within_group,378,378,50,328,50.609756097560975,0.4115853658536585,0.76,135,38
speaker,D_3931,AASIST,within_group,466,466,50,416,50.60096153846154,0.40865384615384615,0.62,170,31
speaker,D_4593,AASIST,within_group,155,155,43,112,50.58139534883721,0.45535714285714285,0.5348837209302325,51,23
speaker,D_0590,AASIST-L,within_group,410,410,50,360,50.416666666666664,0.38055555555555554,0.6,137,30
speaker,D_5169,AASIST-L,within_group,298,298,50,248,50.403225806451616,0.3467741935483871,0.86,86,43
speaker,D_4870,AASIST,within_group,410,410,50,360,50.27777777777778,0.38333333333333336,0.62,138,31
speaker,D_3622,AASIST,within_group,450,450,50,400,50.24999999999999,0.2925,0.74,117,37
speaker,D_3293,AASIST-L,within_group,418,418,50,368,50.135869565217384,0.3342391304347826,0.82,123,41
speaker,D_3668,AASIST,within_group,450,450,50,400,50.125,0.37,0.68,148,34
speaker,D_0400,AASIST,within_group,410,410,50,360,50.0,0.4888888888888889,0.54,176,27
speaker,D_3132,AASIST,within_group,394,394,50,344,50.0,0.44476744186046513,0.54,153,27
speaker,D_2396,AASIST-L,within_group,266,266,50,216,50.0,0.25925925925925924,0.82,56,41
speaker,D_2345,AASIST,within_group,442,442,50,392,49.87244897959184,0.39285714285714285,0.68,154,34
speaker,D_0802,AASIST-L,within_group,418,418,50,368,49.8641304347826,0.41032608695652173,0.56,151,28
speaker,D_4674,AASIST-L,within_group,402,402,50,352,49.85795454545454,0.4034090909090909,0.64,142,32
speaker,D_4010,AASIST,within_group,402,402,50,352,49.85227272727273,0.3778409090909091,0.74,133,37
speaker,D_3237,AASIST,within_group,386,386,50,336,49.851190476190474,0.4255952380952381,0.62,143,31
speaker,D_1807,AASIST,within_group,458,458,50,408,49.754901960784316,0.36764705882352944,0.64,150,32
speaker,D_4653,AASIST,within_group,410,410,50,360,49.72222222222222,0.5055555555555555,0.48,182,24
speaker,D_2913,AASIST-L,within_group,386,386,50,336,49.702380952380956,0.25297619047619047,0.96,85,48
speaker,D_0090,AASIST-L,within_group,370,370,50,320,49.6875,0.371875,0.66,119,33
speaker,D_4579,AASIST,within_group,330,330,50,280,49.642857142857146,0.38571428571428573,0.68,108,34
speaker,D_4143,AASIST-L,within_group,140,140,4,136,49.63235294117647,0.3602941176470588,0.75,49,3
speaker,D_0090,AASIST,within_group,370,370,50,320,49.53125,0.403125,0.62,129,31
speaker,D_3098,AASIST-L,within_group,466,466,50,416,49.519230769230774,0.40384615384615385,0.56,168,28
speaker,D_0296,AASIST,within_group,362,362,50,312,49.519230769230774,0.375,0.6,117,30
speaker,D_0395,AASIST,within_group,154,154,10,144,49.30555555555556,0.4652777777777778,0.6,67,6
speaker,D_2825,AASIST,within_group,154,154,18,136,49.26470588235294,0.3602941176470588,0.6111111111111112,49,11
speaker,D_2519,AASIST,within_group,426,426,50,376,49.202127659574465,0.31648936170212766,0.64,119,32
speaker,D_3931,AASIST-L,within_group,466,466,50,416,49.0,0.44711538461538464,0.64,186,32
speaker,D_4461,AASIST-L,within_group,124,124,4,120,48.75,0.275,0.75,33,3
speaker,D_5204,AASIST,within_group,394,394,50,344,48.56395348837209,0.2761627906976744,0.56,95,28
speaker,D_4593,AASIST-L,within_group,155,155,43,112,48.52574750830565,0.42857142857142855,0.5813953488372093,48,25
speaker,D_4322,AASIST-L,within_group,402,402,50,352,48.43181818181818,0.3409090909090909,0.74,120,37
speaker,D_3545,AASIST-L,within_group,306,306,50,256,48.4140625,0.41015625,0.54,105,27
speaker,D_4228,AASIST,within_group,282,282,50,232,48.353448275862064,0.3275862068965517,0.74,76,37
speaker,D_4228,AASIST-L,within_group,282,282,50,232,48.353448275862064,0.3706896551724138,0.74,86,37
speaker,D_3983,AASIST,within_group,426,426,50,376,48.33510638297872,0.23670212765957446,0.74,89,37
speaker,D_2648,AASIST-L,within_group,274,274,50,224,48.33035714285714,0.4732142857142857,0.5,106,25
speaker,D_4470,AASIST,within_group,330,330,50,280,48.285714285714285,0.31785714285714284,0.82,89,41
speaker,D_1837,AASIST-L,within_group,274,274,50,224,48.214285714285715,0.35714285714285715,0.62,80,31
speaker,D_1708,AASIST,within_group,290,290,50,240,48.16666666666667,0.5083333333333333,0.44,122,22
speaker,D_5204,AASIST-L,within_group,394,394,50,344,48.127906976744185,0.27325581395348836,0.64,94,32
speaker,D_5290,AASIST,within_group,386,386,50,336,48.10714285714286,0.3392857142857143,0.72,114,36
speaker,D_5290,AASIST-L,within_group,386,386,50,336,48.10714285714286,0.3333333333333333,0.76,112,38
speaker,D_5066,AASIST3,within_group,362,362,50,312,48.03846153846154,0.057692307692307696,0.96,18,48
speaker,D_0756,AASIST,within_group,306,306,50,256,48.0234375,0.265625,0.7,68,35
speaker,D_0985,AASIST,within_group,394,394,50,344,47.98255813953488,0.3633720930232558,0.62,125,31
speaker,D_1612,AASIST-L,within_group,282,282,50,232,47.922413793103445,0.4956896551724138,0.42,115,21
speaker,D_4081,AASIST,within_group,410,410,50,360,47.88888888888889,0.38333333333333336,0.68,138,34
speaker,D_5066,AASIST-L,within_group,362,362,50,312,47.87820512820513,0.483974358974359,0.42,151,21
speaker,D_2357,AASIST-L,within_group,314,314,50,264,47.86363636363637,0.5,0.44,132,22
speaker,D_3927,AASIST-L,within_group,314,314,50,264,47.86363636363637,0.4318181818181818,0.56,114,28
speaker,D_4767,AASIST,within_group,442,442,50,392,47.85204081632653,0.5153061224489796,0.36,202,18
speaker,D_2835,AASIST,within_group,298,298,50,248,47.79032258064516,0.4314516129032258,0.5,107,25
speaker,D_3293,AASIST,within_group,418,418,50,368,47.777173913043484,0.41847826086956524,0.64,154,32
speaker,D_0400,AASIST-L,within_group,410,410,50,360,47.75,0.5472222222222223,0.3,197,15
speaker,D_3986,AASIST,within_group,290,290,50,240,47.75,0.39166666666666666,0.6,94,30
speaker,D_4865,AASIST-L,within_group,402,402,50,352,47.72159090909091,0.35795454545454547,0.62,126,31
speaker,D_0004,AASIST-L,within_group,242,242,50,192,47.697916666666664,0.3333333333333333,0.76,64,38
speaker,D_0913,AASIST,within_group,394,394,50,344,47.54651162790697,0.4622093023255814,0.48,159,24
speaker,D_3933,AASIST-L,within_group,290,290,50,240,47.541666666666664,0.5083333333333333,0.34,122,17
speaker,D_0358,AASIST,within_group,402,402,50,352,47.43181818181818,0.2585227272727273,0.76,91,38
speaker,D_0590,AASIST,within_group,410,410,50,360,47.333333333333336,0.4166666666666667,0.48,150,24
speaker,D_4865,AASIST,within_group,402,402,50,352,47.29545454545454,0.3693181818181818,0.66,130,33
speaker,D_1125,AASIST-L,within_group,149,149,21,128,47.24702380952381,0.3359375,0.6190476190476191,43,13
speaker,D_2736,AASIST-L,within_group,330,330,50,280,47.214285714285715,0.35714285714285715,0.74,100,37
speaker,D_4945,AASIST-L,within_group,114,114,2,112,46.875,0.35714285714285715,0.5,40,1
speaker,D_3975,AASIST-L,within_group,122,122,2,120,46.666666666666664,0.4583333333333333,0.0,55,0
speaker,D_2876,AASIST-L,within_group,136,136,24,112,46.577380952380956,0.44642857142857145,0.5,50,12
speaker,D_5025,AASIST-L,within_group,354,354,50,304,46.51973684210526,0.5460526315789473,0.24,166,12
speaker,D_5367,AASIST-L,within_group,250,250,50,200,46.5,0.47,0.48,94,24
speaker,D_1612,AASIST,within_group,282,282,50,232,46.491379310344826,0.4525862068965517,0.5,105,25
speaker,D_4676,AASIST,within_group,378,378,50,328,46.17073170731707,0.3932926829268293,0.48,129,24
speaker,D_3781,AASIST,within_group,426,426,50,376,46.138297872340424,0.4627659574468085,0.46,174,23
speaker,D_2919,AASIST,within_group,450,450,50,400,46.125,0.2925,0.68,117,34
speaker,D_3927,AASIST,within_group,314,314,50,264,46.10606060606061,0.3939393939393939,0.5,104,25
speaker,D_4831,AASIST,within_group,104,104,24,80,46.04166666666667,0.4625,0.4583333333333333,37,11
speaker,D_0132,AASIST-L,within_group,330,330,50,280,46.03571428571428,0.2785714285714286,0.66,78,33
speaker,D_4579,AASIST-L,within_group,330,330,50,280,46.03571428571428,0.43214285714285716,0.52,121,26
speaker,D_5025,AASIST,within_group,354,354,50,304,46.026315789473685,0.3980263157894737,0.6,121,30
speaker,D_5367,AASIST,within_group,250,250,50,200,46.0,0.45,0.52,90,26
speaker,D_0906,AASIST-L,within_group,346,346,50,296,45.97297297297297,0.48986486486486486,0.38,145,19
speaker,D_1261,AASIST-L,within_group,338,338,50,288,45.74305555555556,0.5208333333333334,0.38,150,19
speaker,D_2937,AASIST,within_group,370,370,50,320,45.6875,0.490625,0.42,157,21
speaker,D_3437,AASIST-L,within_group,402,402,50,352,45.585227272727266,0.3494318181818182,0.6,123,30
speaker,D_2092,AASIST-L,within_group,314,314,50,264,45.53787878787878,0.375,0.56,99,28
speaker,D_2141,AASIST,within_group,290,290,50,240,45.49999999999999,0.4375,0.48,105,24
speaker,D_5273,LFCC+LCNN,within_group,266,266,50,216,45.4537037037037,0.1388888888888889,1.0,30,50
speaker,D_1837,AASIST,within_group,274,274,50,224,45.32142857142857,0.26339285714285715,0.64,59,32
speaker,D_2073,AASIST-L,within_group,418,418,50,368,45.14673913043478,0.30434782608695654,0.58,112,29
speaker,D_2919,AASIST-L,within_group,450,450,50,400,45.125,0.3625,0.64,145,32
speaker,D_5377,AASIST,within_group,123,123,11,112,45.048701298701296,0.26785714285714285,0.7272727272727273,30,8
speaker,D_5148,AASIST-L,within_group,135,135,7,128,44.86607142857143,0.46875,0.2857142857142857,60,2
speaker,D_2876,AASIST,within_group,136,136,24,112,44.79166666666667,0.39285714285714285,0.4583333333333333,44,11
speaker,D_5035,AASIST-L,within_group,151,151,7,144,44.692460317460316,0.3472222222222222,0.5714285714285714,50,4
speaker,D_0755,AASIST-L,within_group,434,434,50,384,44.65625,0.4739583333333333,0.36,182,18
speaker,D_2544,AASIST,within_group,172,172,36,136,44.64869281045751,0.40441176470588236,0.5555555555555556,55,20
speaker,D_2141,AASIST-L,within_group,290,290,50,240,44.49999999999999,0.5083333333333333,0.32,122,16
speaker,D_3132,AASIST-L,within_group,394,394,50,344,44.383720930232556,0.47674418604651164,0.4,164,20
speaker,D_5169,AASIST,within_group,298,298,50,248,44.37903225806451,0.3064516129032258,0.68,76,34
speaker,D_2937,AASIST-L,within_group,370,370,50,320,44.34375,0.465625,0.42,149,21
speaker,D_2648,AASIST,within_group,274,274,50,224,44.32142857142857,0.38839285714285715,0.52,87,26
speaker,D_3273,AASIST-L,within_group,402,402,50,352,44.30113636363636,0.48579545454545453,0.3,171,15
speaker,D_4957,AASIST,within_group,378,378,50,328,44.256097560975604,0.39634146341463417,0.52,130,26
speaker,D_4674,AASIST,within_group,402,402,50,352,44.15909090909091,0.4005681818181818,0.48,141,24
speaker,D_2657,AASIST,within_group,410,410,50,360,44.08333333333333,0.4166666666666667,0.52,150,26
speaker,D_3983,AASIST-L,within_group,426,426,50,376,44.074468085106375,0.26595744680851063,0.76,100,38
speaker,D_0562,AASIST-L,within_group,330,330,50,280,44.03571428571429,0.35714285714285715,0.46,100,23
speaker,D_3098,AASIST,within_group,466,466,50,416,43.99519230769231,0.38221153846153844,0.48,159,24
speaker,D_2947,AASIST,within_group,346,346,50,296,43.95945945945946,0.41216216216216217,0.46,122,23
speaker,D_1756,AASIST-L,within_group,394,394,50,344,43.94767441860465,0.30523255813953487,0.62,105,31
speaker,D_1921,AASIST,within_group,426,426,50,376,43.941489361702125,0.28191489361702127,0.7,106,35
speaker,D_5143,AASIST-L,within_group,402,402,50,352,43.875,0.4659090909090909,0.36,164,18
speaker,D_1261,AASIST,within_group,338,338,50,288,43.875,0.3680555555555556,0.56,106,28
speaker,D_0065,AASIST-L,within_group,113,113,9,104,43.85683760683761,0.38461538461538464,0.7777777777777778,40,7
speaker,D_5214,AASIST-L,within_group,426,426,50,376,43.80851063829787,0.40691489361702127,0.46,153,23
speaker,D_4081,AASIST-L,within_group,410,410,50,360,43.80555555555555,0.35,0.58,126,29
speaker,D_2245,AASIST,within_group,132,132,4,128,43.75,0.5078125,0.0,65,0
speaker,D_2245,AASIST-L,within_group,132,132,4,128,43.75,0.515625,0.0,66,0
speaker,D_5424,AASIST-L,within_group,154,154,34,120,43.72549019607843,0.43333333333333335,0.4117647058823529,52,14
speaker,D_0921,LFCC+LCNN,within_group,117,117,5,112,43.660714285714285,0.15178571428571427,1.0,17,5
speaker,D_0152,AASIST-L,within_group,378,378,50,328,43.64634146341463,0.42378048780487804,0.46,139,23
speaker,D_5049,LFCC+LCNN,within_group,158,158,38,120,43.618421052631575,0.11666666666666667,0.9736842105263158,14,37
speaker,D_5006,AASIST,within_group,434,434,50,384,43.614583333333336,0.3932291666666667,0.48,151,24
speaker,D_2415,AASIST,within_group,402,402,50,352,43.59090909090909,0.40625,0.46,143,23
speaker,D_4619,AASIST-L,within_group,394,394,50,344,43.51162790697674,0.36627906976744184,0.46,126,23
speaker,D_5377,AASIST-L,within_group,123,123,11,112,43.26298701298701,0.26785714285714285,0.9090909090909091,30,10
speaker,D_2016,AASIST3,within_group,378,378,50,328,43.1890243902439,0.027439024390243903,0.96,9,48
speaker,D_3644,AASIST-L,within_group,155,155,35,120,43.095238095238095,0.4666666666666667,0.2571428571428571,56,9
speaker,D_5148,AASIST,within_group,135,135,7,128,42.91294642857143,0.3828125,0.5714285714285714,49,4
speaker,D_5113,AASIST-L,within_group,354,354,50,304,42.875,0.3717105263157895,0.52,113,26
speaker,D_0913,AASIST-L,within_group,394,394,50,344,42.78488372093023,0.46511627906976744,0.44,160,22
speaker,D_1483,AASIST-L,within_group,394,394,50,344,42.656976744186046,0.29651162790697677,0.58,102,29
speaker,D_0164,AASIST-L,within_group,410,410,50,360,42.52777777777778,0.2638888888888889,0.78,95,39
speaker,D_5368,AASIST,within_group,410,410,50,360,42.52777777777778,0.26666666666666666,0.62,96,31
speaker,D_2544,AASIST-L,within_group,172,172,36,136,42.52450980392157,0.47058823529411764,0.4166666666666667,64,15
speaker,D_5153,AASIST,within_group,346,346,50,296,42.4527027027027,0.2939189189189189,0.72,87,36
speaker,D_3166,AASIST-L,within_group,386,386,50,336,42.42857142857142,0.34523809523809523,0.5,116,25
speaker,D_1228,AASIST-L,within_group,410,410,50,360,42.388888888888886,0.2861111111111111,0.64,103,32
speaker,D_5006,AASIST-L,within_group,434,434,50,384,42.35416666666667,0.3359375,0.52,129,26
speaker,D_4237,AASIST,within_group,226,226,50,176,42.30681818181819,0.4034090909090909,0.42,71,21
speaker,D_0283,AASIST,within_group,198,198,38,160,42.30263157894737,0.35,0.6578947368421053,56,25
speaker,D_5273,AASIST-L,within_group,266,266,50,216,42.2962962962963,0.47685185185185186,0.32,103,16
speaker,D_2731,AASIST-L,within_group,306,306,50,256,42.2890625,0.34765625,0.54,89,27
speaker,D_1398,AASIST,within_group,386,386,50,336,42.279761904761905,0.43452380952380953,0.42,146,21
speaker,D_1002,AASIST,within_group,426,426,50,376,42.276595744680854,0.42021276595744683,0.48,158,24
speaker,D_2619,AASIST,within_group,418,418,50,368,42.19565217391305,0.3532608695652174,0.48,130,24
speaker,D_4675,AASIST,within_group,418,418,50,368,42.19565217391305,0.328804347826087,0.46,121,23
speaker,D_2415,AASIST-L,within_group,402,402,50,352,42.16477272727273,0.3125,0.48,110,24
speaker,D_3219,AASIST-L,within_group,125,125,5,120,42.083333333333336,0.4083333333333333,0.4,49,2
speaker,D_4322,AASIST,within_group,402,402,50,352,42.02272727272728,0.4034090909090909,0.52,142,26
speaker,D_2654,AASIST3,within_group,314,314,50,264,42.02272727272728,0.10227272727272728,0.98,27,49
speaker,D_2929,AASIST-L,within_group,458,458,50,408,41.955882352941174,0.25980392156862747,0.72,106,36
speaker,D_0467,AASIST-L,within_group,189,189,45,144,41.875,0.3541666666666667,0.6,51,27
speaker,D_0395,LFCC+LCNN,within_group,154,154,10,144,41.875,0.1388888888888889,0.9,20,9
speaker,D_2357,AASIST,within_group,314,314,50,264,41.833333333333336,0.48484848484848486,0.36,128,18
speaker,D_0637,AASIST,within_group,410,410,50,360,41.69444444444444,0.33055555555555555,0.48,119,24
speaker,D_1062,AASIST3,within_group,154,154,50,104,41.67307692307693,0.3269230769230769,0.56,34,28
speaker,D_2619,AASIST-L,within_group,418,418,50,368,41.65217391304348,0.4266304347826087,0.4,157,20
speaker,D_0236,AASIST-L,within_group,176,176,16,160,41.5625,0.45625,0.1875,73,3
speaker,D_0106,AASIST,within_group,410,410,50,360,41.52777777777778,0.3388888888888889,0.42,122,21
speaker,D_4945,LFCC+LCNN,within_group,114,114,2,112,41.51785714285714,0.25,1.0,28,2
speaker,D_3593,AASIST,within_group,418,418,50,368,41.516304347826086,0.4157608695652174,0.4,153,20
speaker,D_3561,LFCC+LCNN,within_group,187,187,43,144,41.416343669250644,0.1875,0.6511627906976745,27,28
speaker,D_5236,AASIST,within_group,418,418,50,368,41.3804347826087,0.2907608695652174,0.6,107,30
speaker,D_1951,AASIST-L,within_group,160,160,48,112,41.36904761904761,0.3392857142857143,0.5,38,24
speaker,D_5165,AASIST,within_group,370,370,50,320,41.3125,0.353125,0.42,113,21
speaker,D_1398,AASIST-L,within_group,386,386,50,336,41.279761904761905,0.5119047619047619,0.32,172,16
speaker,D_2929,AASIST,within_group,458,458,50,408,41.22058823529412,0.26715686274509803,0.74,109,37
speaker,D_2721,AASIST,within_group,442,442,50,392,41.173469387755105,0.29591836734693877,0.42,116,21
speaker,D_5121,LFCC+LCNN,within_group,112,112,16,96,41.145833333333336,0.3229166666666667,0.6875,31,11
speaker,D_1474,AASIST-L,within_group,139,139,27,112,40.90608465608466,0.4642857142857143,0.18518518518518517,52,5
speaker,D_5261,AASIST-L,within_group,167,167,39,128,40.82532051282051,0.421875,0.2564102564102564,54,10
speaker,D_0177,AASIST-L,within_group,434,434,50,384,40.57291666666667,0.5703125,0.18,219,9
speaker,D_4224,AASIST-L,within_group,466,466,50,416,40.43269230769231,0.3605769230769231,0.48,150,24
speaker,D_5213,AASIST-L,within_group,258,258,50,208,40.43269230769231,0.4951923076923077,0.34,103,17
speaker,D_0368,AASIST,within_group,362,362,50,312,40.3525641025641,0.36217948717948717,0.48,113,24
speaker,D_0301,AASIST3,within_group,402,402,50,352,40.3125,0.02556818181818182,0.98,9,49
speaker,D_0004,AASIST,within_group,242,242,50,192,40.3125,0.3072916666666667,0.62,59,31
speaker,D_3911,AASIST-L,within_group,442,442,50,392,40.28061224489796,0.36989795918367346,0.44,145,22
speaker,D_4676,AASIST-L,within_group,378,378,50,328,40.27439024390244,0.32926829268292684,0.54,108,27
speaker,D_2947,AASIST-L,within_group,346,346,50,296,40.27027027027027,0.3952702702702703,0.42,117,21
speaker,D_1989,AASIST-L,within_group,258,258,50,208,40.19230769230769,0.3701923076923077,0.5,77,25
speaker,D_3437,AASIST,within_group,402,402,50,352,40.17045454545455,0.3664772727272727,0.44,129,22
speaker,D_4237,AASIST-L,within_group,226,226,50,176,40.17045454545455,0.4375,0.36,77,18
speaker,D_0106,AASIST-L,within_group,410,410,50,360,40.13888888888889,0.36944444444444446,0.48,133,24
speaker,D_0467,AASIST,within_group,189,189,45,144,40.13888888888889,0.3611111111111111,0.5111111111111111,52,23
speaker,D_4029,AASIST,within_group,386,386,50,336,40.089285714285715,0.47023809523809523,0.2,158,10
speaker,D_3697,AASIST-L,within_group,242,242,50,192,40.052083333333336,0.359375,0.5,69,25
speaker,D_4882,AASIST3,within_group,282,282,50,232,40.043103448275865,0.11206896551724138,0.86,26,43
speaker,D_1951,LFCC+LCNN,within_group,160,160,48,112,40.029761904761905,0.0625,0.9791666666666666,7,47
speaker,D_4964,AASIST-L,within_group,250,250,50,200,40.0,0.36,0.46,72,23
speaker,D_0407,AASIST-L,within_group,418,418,50,368,39.97282608695652,0.3804347826086957,0.42,140,21
speaker,D_4627,AASIST-L,within_group,218,218,50,168,39.94047619047619,0.4226190476190476,0.28,71,14
speaker,D_5163,AASIST-L,within_group,434,434,50,384,39.921875,0.3932291666666667,0.4,151,20
speaker,D_3745,AASIST,within_group,178,178,50,128,39.921875,0.3125,0.52,40,26
speaker,D_3175,AASIST,within_group,354,354,50,304,39.901315789473685,0.41118421052631576,0.4,125,20
speaker,D_3740,AASIST-L,within_group,154,154,42,112,39.88095238095239,0.3125,0.5714285714285714,35,24
speaker,D_0976,AASIST,within_group,418,418,50,368,39.83695652173913,0.2798913043478261,0.66,103,33
speaker,D_0976,AASIST-L,within_group,418,418,50,368,39.83695652173913,0.2608695652173913,0.7,96,35
speaker,D_0152,AASIST,within_group,378,378,50,328,39.81707317073171,0.3932926829268293,0.42,129,21
speaker,D_4023,AASIST,within_group,378,378,50,328,39.81707317073171,0.24085365853658536,0.66,79,33
speaker,D_1068,AASIST,within_group,354,354,50,304,39.723684210526315,0.40789473684210525,0.5,124,25
speaker,D_2825,AASIST-L,within_group,154,154,18,136,39.66503267973856,0.3602941176470588,0.5,49,9
speaker,D_3679,AASIST-L,within_group,290,290,50,240,39.583333333333336,0.48333333333333334,0.28,116,14
speaker,D_1461,AASIST-L,within_group,298,298,50,248,39.556451612903224,0.4879032258064516,0.2,121,10
speaker,D_4269,AASIST-L,within_group,442,442,50,392,39.515306122448976,0.44387755102040816,0.34,174,17
speaker,D_3609,AASIST-L,within_group,258,258,50,208,39.471153846153854,0.3317307692307692,0.46,69,23
speaker,D_1461,AASIST,within_group,298,298,50,248,39.35483870967742,0.40725806451612906,0.32,101,16
speaker,D_2529,AASIST,within_group,426,426,50,376,39.148936170212764,0.3962765957446808,0.34,149,17
speaker,D_5424,AASIST,within_group,154,154,34,120,39.11764705882353,0.44166666666666665,0.35294117647058826,53,12
speaker,D_2089,AASIST-L,within_group,370,370,50,320,39.0,0.315625,0.46,101,23
speaker,D_0669,AASIST-L,within_group,458,458,50,408,38.75,0.4583333333333333,0.34,187,17
speaker,D_5213,AASIST,within_group,258,258,50,208,38.75,0.49038461538461536,0.18,102,9
speaker,D_3219,AASIST,within_group,125,125,5,120,38.75,0.44166666666666665,0.0,53,0
speaker,D_0755,AASIST,within_group,434,434,50,384,38.66145833333333,0.5208333333333334,0.22,200,11
speaker,D_0605,AASIST,within_group,386,386,50,336,38.642857142857146,0.3482142857142857,0.42,117,21
speaker,D_3953,AASIST-L,within_group,458,458,50,408,38.485294117647065,0.3897058823529412,0.34,159,17
speaker,D_0637,AASIST-L,within_group,410,410,50,360,38.47222222222222,0.34444444444444444,0.46,124,23
speaker,D_0906,AASIST,within_group,346,346,50,296,38.42567567567568,0.4560810810810811,0.32,135,16
speaker,D_5057,AASIST-L,within_group,434,434,50,384,38.40104166666667,0.5,0.36,192,18
speaker,D_3798,AASIST,within_group,362,362,50,312,38.39102564102564,0.3974358974358974,0.34,124,17
speaker,D_2364,AASIST,within_group,290,290,50,240,38.375,0.37083333333333335,0.42,89,21
speaker,D_2929,LFCC+LCNN,within_group,458,458,50,408,38.36274509803922,0.12009803921568628,0.86,49,43
speaker,D_0152,LFCC+LCNN,within_group,378,378,50,328,38.359756097560975,0.12804878048780488,0.98,42,49
speaker,D_2016,AASIST-L,within_group,378,378,50,328,38.359756097560975,0.42378048780487804,0.3,139,15
speaker,D_3473,AASIST,within_group,474,474,50,424,38.339622641509436,0.3561320754716981,0.38,151,19
speaker,D_2092,AASIST,within_group,314,314,50,264,38.31818181818182,0.38636363636363635,0.36,102,18
speaker,D_2073,AASIST,within_group,418,418,50,368,38.29347826086956,0.35597826086956524,0.38,131,19
speaker,D_3606,AASIST-L,within_group,234,234,50,184,38.29347826086956,0.3804347826086957,0.4,70,20
speaker,D_0430,AASIST-L,within_group,426,426,50,376,38.28191489361702,0.4148936170212766,0.26,156,13
speaker,D_2793,AASIST,within_group,442,442,50,392,38.26020408163265,0.41581632653061223,0.34,163,17
speaker,D_1068,AASIST-L,within_group,354,354,50,304,38.243421052631575,0.3848684210526316,0.4,117,20
speaker,D_1483,AASIST,within_group,394,394,50,344,38.18604651162791,0.32558139534883723,0.42,112,21
speaker,D_2968,AASIST3,within_group,418,418,50,368,38.15760869565217,0.10326086956521739,0.84,38,42
speaker,D_2968,AASIST-L,within_group,418,418,50,368,38.15760869565217,0.46467391304347827,0.24,171,12
speaker,D_4844,AASIST-L,within_group,378,378,50,328,38.140243902439025,0.47560975609756095,0.3,156,15
speaker,D_0283,LFCC+LCNN,within_group,198,198,38,160,38.10855263157895,0.26875,0.9736842105263158,43,37
speaker,D_1569,AASIST-L,within_group,90,90,2,88,38.06818181818182,0.4772727272727273,0.0,42,0
speaker,D_2937,LFCC+LCNN,within_group,370,370,50,320,38.0625,0.03125,0.94,10,47
speaker,D_4365,AASIST,within_group,155,155,3,152,38.04824561403509,0.5197368421052632,0.0,79,0
speaker,D_0802,AASIST,within_group,418,418,50,368,38.02173913043478,0.4375,0.34,161,17
speaker,D_3772,AASIST,within_group,418,418,50,368,38.02173913043478,0.33967391304347827,0.44,125,22
speaker,D_1989,AASIST,within_group,258,258,50,208,37.99038461538461,0.35096153846153844,0.42,73,21
speaker,D_3074,AASIST-L,within_group,139,139,3,136,37.99019607843137,0.4338235294117647,0.0,59,0
speaker,D_1161,AASIST-L,within_group,109,109,13,96,37.980769230769226,0.2916666666666667,0.5384615384615384,28,7
speaker,D_3679,AASIST,within_group,290,290,50,240,37.958333333333336,0.4375,0.26,105,13
speaker,D_3732,AASIST-L,within_group,338,338,50,288,37.923611111111114,0.2569444444444444,0.54,74,27
speaker,D_0314,LFCC+LCNN,within_group,346,346,50,296,37.91891891891892,0.02702702702702703,0.98,8,49
speaker,D_3166,AASIST,within_group,386,386,50,336,37.898809523809526,0.33035714285714285,0.42,111,21
speaker,D_4974,LFCC+LCNN,within_group,434,434,50,384,37.88020833333333,0.17708333333333334,0.84,68,42
speaker,D_2740,AASIST-L,within_group,450,450,50,400,37.875,0.555,0.12,222,6
speaker,D_5165,AASIST-L,within_group,370,370,50,320,37.68749999999999,0.43125,0.34,138,17
speaker,D_0870,AASIST,within_group,189,189,45,144,37.638888888888886,0.5416666666666666,0.28888888888888886,78,13
speaker,D_0903,AASIST-L,within_group,450,450,50,400,37.625,0.48,0.24,192,12
speaker,D_3772,AASIST-L,within_group,418,418,50,368,37.61413043478261,0.3641304347826087,0.4,134,20
speaker,D_5102,AASIST,within_group,394,394,50,344,37.604651162790695,0.3226744186046512,0.42,111,21
speaker,D_0368,AASIST-L,within_group,362,362,50,312,37.58974358974359,0.36217948717948717,0.4,113,20
speaker,D_0182,AASIST-L,within_group,144,144,8,136,37.5,0.4264705882352941,0.25,58,2
speaker,D_1719,LFCC+LCNN,within_group,99,99,3,96,37.5,0.21875,0.3333333333333333,21,1
speaker,D_2721,AASIST-L,within_group,442,442,50,392,37.36734693877551,0.3392857142857143,0.4,133,20
speaker,D_3798,AASIST-L,within_group,362,362,50,312,37.26923076923077,0.4423076923076923,0.26,138,13
speaker,D_3378,AASIST,within_group,330,330,50,280,37.21428571428571,0.31785714285714284,0.48,89,24
speaker,D_5143,AASIST,within_group,402,402,50,352,37.18181818181818,0.45738636363636365,0.34,161,17
speaker,D_2203,AASIST-L,within_group,338,338,50,288,37.05555555555555,0.3125,0.42,90,21
speaker,D_1951,AASIST,within_group,160,160,48,112,37.05357142857143,0.2767857142857143,0.5625,31,27
speaker,D_4485,AASIST-L,within_group,250,250,50,200,37.0,0.385,0.34,77,17
speaker,D_3497,AASIST-L,within_group,434,434,50,384,36.96875,0.4921875,0.36,189,18
speaker,D_1002,AASIST-L,within_group,426,426,50,376,36.81914893617021,0.5026595744680851,0.2,189,10
speaker,D_2476,AASIST-L,within_group,458,458,50,408,36.75,0.41911764705882354,0.3,171,15
speaker,D_2330,AASIST,within_group,474,474,50,424,36.68867924528302,0.2806603773584906,0.46,119,23
speaker,D_5080,AASIST3,within_group,338,338,50,288,36.576388888888886,0.2777777777777778,0.66,80,33
speaker,D_1054,AASIST,within_group,164,164,44,120,36.51515151515151,0.325,0.5227272727272727,39,23
speaker,D_3911,AASIST,within_group,442,442,50,392,36.49489795918367,0.375,0.34,147,17
speaker,D_5214,AASIST,within_group,426,426,50,376,36.484042553191486,0.34574468085106386,0.36,130,18
speaker,D_4448,AASIST-L,within_group,330,330,50,280,36.392857142857146,0.46785714285714286,0.32,131,16
speaker,D_5474,AASIST-L,within_group,330,330,50,280,36.392857142857146,0.4142857142857143,0.32,116,16
speaker,D_2460,AASIST-L,within_group,322,322,50,272,36.38235294117647,0.4852941176470588,0.22,132,11
speaker,D_2884,AASIST,within_group,298,298,50,248,36.346774193548384,0.39919354838709675,0.3,99,15
speaker,D_2089,AASIST,within_group,370,370,50,320,36.28125,0.321875,0.38,103,19
speaker,D_5153,AASIST-L,within_group,346,346,50,296,36.24324324324324,0.2905405405405405,0.44,86,22
speaker,D_4737,AASIST-L,within_group,242,242,50,192,36.22916666666667,0.46875,0.18,90,9
speaker,D_0870,AASIST-L,within_group,189,189,45,144,36.18055555555556,0.4652777777777778,0.2,67,9
speaker,D_4276,LFCC+LCNN,within_group,450,450,50,400,36.12499999999999,0.245,0.74,98,37
speaker,D_1458,AASIST,within_group,434,434,50,384,36.09895833333333,0.3229166666666667,0.42,124,21
speaker,D_1495,AASIST,within_group,394,394,50,344,36.02325581395348,0.4738372093023256,0.18,163,9
speaker,D_4619,AASIST,within_group,394,394,50,344,36.02325581395348,0.36046511627906974,0.32,124,16
speaker,D_4269,AASIST,within_group,442,442,50,392,35.984693877551024,0.45408163265306123,0.22,178,11
speaker,D_3773,AASIST-L,within_group,370,370,50,320,35.96875,0.46875,0.26,150,13
speaker,D_1331,AASIST-L,within_group,362,362,50,312,35.94871794871794,0.36538461538461536,0.34,114,17
speaker,D_1719,AASIST-L,within_group,99,99,3,96,35.9375,0.2708333333333333,1.0,26,3
speaker,D_1741,AASIST,within_group,418,418,50,368,35.93478260869565,0.3532608695652174,0.36,130,18
speaker,D_3606,AASIST,within_group,234,234,50,184,35.93478260869565,0.3967391304347826,0.32,73,16
speaker,D_3606,LFCC+LCNN,within_group,234,234,50,184,35.93478260869565,0.15760869565217392,0.52,29,26
speaker,D_1228,AASIST,within_group,410,410,50,360,35.916666666666664,0.29444444444444445,0.42,106,21
speaker,D_1631,LFCC+LCNN,within_group,346,346,50,296,35.9054054054054,0.21621621621621623,0.7,64,35
speaker,D_2629,AASIST,within_group,402,402,50,352,35.89772727272727,0.32386363636363635,0.38,114,19
speaker,D_2476,AASIST,within_group,458,458,50,408,35.8921568627451,0.39215686274509803,0.3,160,15
speaker,D_2203,AASIST,within_group,338,338,50,288,35.88194444444445,0.2916666666666667,0.52,84,26
speaker,D_0383,AASIST-L,within_group,330,330,50,280,35.857142857142854,0.2785714285714286,0.44,78,22
speaker,D_0177,AASIST,within_group,434,434,50,384,35.83854166666667,0.4869791666666667,0.24,187,12
speaker,D_3074,AASIST,within_group,139,139,3,136,35.78431372549019,0.4117647058823529,0.0,56,0
speaker,D_1228,LFCC+LCNN,within_group,410,410,50,360,35.77777777777777,0.23055555555555557,0.5,83,25
speaker,D_5274,AASIST,within_group,410,410,50,360,35.77777777777777,0.3972222222222222,0.28,143,14
speaker,D_0903,AASIST,within_group,450,450,50,400,35.75,0.4875,0.18,195,9
speaker,D_2740,AASIST,within_group,450,450,50,400,35.75,0.4475,0.26,179,13
speaker,D_0605,AASIST-L,within_group,386,386,50,336,35.70833333333333,0.4107142857142857,0.3,138,15
speaker,D_2751,AASIST-L,within_group,394,394,50,344,35.58720930232558,0.35174418604651164,0.36,121,18
speaker,D_4627,AASIST,within_group,218,218,50,168,35.55952380952381,0.44642857142857145,0.2,75,10
speaker,D_2016,AASIST,within_group,378,378,50,328,35.53048780487805,0.40853658536585363,0.22,134,11
speaker,D_0407,AASIST,within_group,418,418,50,368,35.52717391304348,0.38315217391304346,0.28,141,14
speaker,D_1026,AASIST-L,within_group,410,410,50,360,35.5,0.31666666666666665,0.36,114,18
speaker,D_3276,LFCC+LCNN,within_group,75,75,11,64,35.36931818181818,0.28125,0.45454545454545453,18,5
speaker,D_0314,XLS-R+Nes2Net,within_group,346,346,50,296,35.24324324324324,0.013513513513513514,0.76,4,38
speaker,D_0865,AASIST,within_group,242,242,50,192,35.1875,0.1875,0.54,36,27
speaker,D_1161,AASIST,within_group,109,109,13,96,35.17628205128205,0.3958333333333333,0.3076923076923077,38,4
speaker,D_0354,AASIST,within_group,135,135,39,96,35.13621794871795,0.3125,0.358974358974359,30,14
speaker,D_0756,AASIST-L,within_group,306,306,50,256,34.96875,0.3671875,0.34,94,17
speaker,D_5308,AASIST,within_group,94,94,6,88,34.84848484848485,0.2840909090909091,0.3333333333333333,25,2
speaker,D_2163,LFCC+LCNN,within_group,140,140,28,112,34.82142857142857,0.3392857142857143,0.32142857142857145,38,9
speaker,D_1217,AASIST,within_group,482,482,50,432,34.70833333333333,0.3449074074074074,0.34,149,17
speaker,D_5076,AASIST-L,within_group,426,426,50,376,34.68617021276595,0.4654255319148936,0.32,175,16
speaker,D_2327,LFCC+LCNN,within_group,370,370,50,320,34.56249999999999,0.359375,0.22,115,11
speaker,D_2835,AASIST-L,within_group,298,298,50,248,34.54032258064516,0.4112903225806452,0.32,102,16
speaker,D_3192,AASIST-L,within_group,314,314,50,264,34.42424242424242,0.3977272727272727,0.24,105,12
speaker,D_1327,AASIST,within_group,386,386,50,336,34.410714285714285,0.38392857142857145,0.26,129,13
speaker,D_0244,LFCC+LCNN,within_group,530,530,50,480,34.39583333333333,0.22291666666666668,0.64,107,32
speaker,D_3473,AASIST-L,within_group,474,474,50,424,34.33490566037736,0.419811320754717,0.28,178,14
speaker,D_0383,AASIST,within_group,330,330,50,280,34.32142857142857,0.26071428571428573,0.38,73,19
speaker,D_1667,AASIST-L,within_group,466,466,50,416,34.30769230769231,0.25961538461538464,0.46,108,23
speaker,D_5066,LFCC+LCNN,within_group,362,362,50,312,34.30769230769231,0.1891025641025641,0.86,59,43
speaker,D_5113,AASIST,within_group,354,354,50,304,34.26973684210526,0.39473684210526316,0.3,120,15
speaker,D_5080,LFCC+LCNN,within_group,338,338,50,288,34.1875,0.0763888888888889,0.98,22,49
speaker,D_2731,AASIST,within_group,306,306,50,256,34.1875,0.3046875,0.44,78,22
speaker,D_1741,AASIST-L,within_group,418,418,50,368,34.1195652173913,0.4048913043478261,0.3,149,15
speaker,D_5011,AASIST-L,within_group,418,418,50,368,34.1195652173913,0.25815217391304346,0.52,95,26
speaker,D_2288,LFCC+LCNN,within_group,354,354,50,304,34.10526315789474,0.27960526315789475,0.44,85,22
speaker,D_2561,AASIST,within_group,258,258,50,208,34.06730769230769,0.5096153846153846,0.2,106,10
speaker,D_0568,AASIST-L,within_group,137,137,33,104,34.0472027972028,0.40384615384615385,0.36363636363636365,42,12
speaker,D_0358,AASIST-L,within_group,402,402,50,352,34.04545454545455,0.2755681818181818,0.42,97,21
speaker,D_2654,LFCC+LCNN,within_group,314,314,50,264,34.04545454545455,0.20454545454545456,0.64,54,32
speaker,D_1331,AASIST,within_group,362,362,50,312,33.98717948717949,0.3301282051282051,0.34,103,17
speaker,D_3593,AASIST-L,within_group,418,418,50,368,33.983695652173914,0.44565217391304346,0.16,164,8
speaker,D_2371,AASIST-L,within_group,386,386,50,336,33.964285714285715,0.47023809523809523,0.12,158,6
speaker,D_1153,AASIST,within_group,274,274,50,224,33.964285714285715,0.48660714285714285,0.08,109,4
speaker,D_5274,AASIST-L,within_group,410,410,50,360,33.94444444444444,0.4527777777777778,0.16,163,8
speaker,D_2163,AASIST,within_group,140,140,28,112,33.92857142857143,0.48214285714285715,0.2857142857142857,54,8
speaker,D_0669,AASIST,within_group,458,458,50,408,33.911764705882355,0.3480392156862745,0.32,142,16
speaker,D_3953,AASIST,within_group,458,458,50,408,33.911764705882355,0.4166666666666667,0.22,170,11
speaker,D_0323,AASIST-L,within_group,426,426,50,376,33.888297872340424,0.4787234042553192,0.08,180,4
speaker,D_2275,AASIST-L,within_group,146,146,18,128,33.85416666666667,0.40625,0.1111111111111111,52,2
speaker,D_2793,AASIST-L,within_group,442,442,50,392,33.836734693877546,0.4897959183673469,0.18,192,9
speaker,D_0182,AASIST,within_group,144,144,8,136,33.82352941176471,0.3602941176470588,0.375,49,3
speaker,D_4574,AASIST-L,within_group,165,165,29,136,33.78549695740365,0.33088235294117646,0.3793103448275862,45,11
speaker,D_4276,AASIST-L,within_group,450,450,50,400,33.75,0.46,0.16,184,8
speaker,D_2884,AASIST-L,within_group,298,298,50,248,33.73387096774193,0.42338709677419356,0.32,105,16
speaker,D_5163,AASIST,within_group,434,434,50,384,33.666666666666664,0.34375,0.3,132,15
speaker,D_3425,AASIST-L,within_group,266,266,50,216,33.666666666666664,0.33796296296296297,0.34,73,17
speaker,D_1474,LFCC+LCNN,within_group,139,139,27,112,33.63095238095239,0.25,0.5555555555555556,28,15
speaker,D_0323,AASIST,within_group,426,426,50,376,33.62234042553192,0.42021276595744683,0.18,158,9
speaker,D_1039,AASIST-L,within_group,402,402,50,352,33.61931818181818,0.4744318181818182,0.22,167,11
speaker,D_5292,LFCC+LCNN,within_group,306,306,50,256,33.6015625,0.2578125,0.48,66,24
speaker,D_2050,AASIST,within_group,474,474,50,424,33.50943396226415,0.33726415094339623,0.34,143,17
speaker,D_2050,AASIST-L,within_group,474,474,50,424,33.50943396226415,0.3278301886792453,0.34,139,17
speaker,D_5066,AASIST,within_group,362,362,50,312,33.506410256410255,0.4423076923076923,0.18,138,9
speaker,D_4838,AASIST,within_group,134,134,30,104,33.493589743589745,0.3557692307692308,0.16666666666666666,37,5
speaker,D_0605,LFCC+LCNN,within_group,386,386,50,336,33.36904761904762,0.050595238095238096,0.78,17,39
speaker,D_1637,LFCC+LCNN,within_group,322,322,50,272,33.36029411764706,0.35661764705882354,0.22,97,11
speaker,D_5222,AASIST,within_group,213,213,37,176,33.26167076167076,0.2556818181818182,0.3783783783783784,45,14
speaker,D_0962,AASIST-L,within_group,434,434,50,384,33.14583333333333,0.5286458333333334,0.12,203,6
speaker,D_4276,AASIST,within_group,450,450,50,400,33.125,0.45,0.28,180,14
speaker,D_5261,AASIST,within_group,167,167,39,128,33.07291666666667,0.3671875,0.20512820512820512,47,8
speaker,D_2788,AASIST-L,within_group,131,131,3,128,33.07291666666667,0.4140625,0.0,53,0
speaker,D_3609,AASIST,within_group,258,258,50,208,33.06730769230769,0.34615384615384615,0.32,72,16
speaker,D_4574,AASIST,within_group,165,165,29,136,33.050202839756594,0.4485294117647059,0.2413793103448276,61,7
speaker,D_0301,AASIST-L,within_group,402,402,50,352,33.04545454545455,0.5056818181818182,0.02,178,1
speaker,D_0568,AASIST,within_group,137,137,33,104,33.01282051282052,0.3557692307692308,0.2727272727272727,37,9
speaker,D_0065,LFCC+LCNN,within_group,113,113,9,104,33.01282051282052,0.11538461538461539,0.8888888888888888,12,8
speaker,D_0467,AASIST3,within_group,189,189,45,144,32.986111111111114,0.2152777777777778,0.8888888888888888,31,40
speaker,D_0537,AASIST-L,within_group,242,242,50,192,32.92708333333333,0.4895833333333333,0.16,94,8
speaker,D_3885,AASIST3,within_group,147,147,27,120,32.91666666666667,0.075,0.9259259259259259,9,25
speaker,D_4831,LFCC+LCNN,within_group,104,104,24,80,32.91666666666667,0.35,0.16666666666666666,28,4
speaker,D_0354,AASIST-L,within_group,135,135,39,96,32.8125,0.3229166666666667,0.3333333333333333,31,13
speaker,D_3273,AASIST3,within_group,402,402,50,352,32.76136363636363,0.10795454545454546,0.96,38,48
speaker,D_5462,AASIST-L,within_group,426,426,50,376,32.75531914893617,0.3377659574468085,0.3,127,15
speaker,D_0399,AASIST,within_group,115,115,3,112,32.73809523809524,0.44642857142857145,0.3333333333333333,50,1
speaker,D_3183,AASIST,within_group,442,442,50,392,32.70918367346939,0.4489795918367347,0.14,176,7
speaker,D_3192,AASIST,within_group,314,314,50,264,32.666666666666664,0.36363636363636365,0.28,96,14
speaker,D_3273,AASIST,within_group,402,402,50,352,32.61931818181818,0.4630681818181818,0.06,163,3
speaker,D_4865,LFCC+LCNN,within_group,402,402,50,352,32.61931818181818,0.32386363636363635,0.4,114,20
speaker,D_3773,LFCC+LCNN,within_group,370,370,50,320,32.56249999999999,0.25625,0.4,82,20
speaker,D_0454,LFCC+LCNN,within_group,156,156,36,120,32.5,0.15833333333333333,0.8333333333333334,19,30
speaker,D_2629,LFCC+LCNN,within_group,402,402,50,352,32.47727272727272,0.2755681818181818,0.4,97,20
speaker,D_4814,AASIST,within_group,418,418,50,368,32.44021739130435,0.3451086956521739,0.28,127,14
speaker,D_1112,AASIST-L,within_group,290,290,50,240,32.416666666666664,0.30833333333333335,0.28,74,14
speaker,D_4814,AASIST-L,within_group,418,418,50,368,32.30434782608695,0.39402173913043476,0.26,145,13
speaker,D_1068,AASIST3,within_group,354,354,50,304,32.2828947368421,0.06578947368421052,0.72,20,36
speaker,D_1026,AASIST,within_group,410,410,50,360,32.25,0.375,0.28,135,14
speaker,D_0059,AASIST,within_group,426,426,50,376,32.223404255319146,0.40691489361702127,0.16,153,8
speaker,D_0430,AASIST,within_group,426,426,50,376,32.223404255319146,0.3696808510638298,0.24,139,12
speaker,D_4951,AASIST,within_group,266,266,50,216,32.2037037037037,0.3888888888888889,0.26,84,13
speaker,D_4721,AASIST-L,within_group,402,402,50,352,32.19318181818181,0.4289772727272727,0.3,151,15
speaker,D_2460,AASIST,within_group,322,322,50,272,32.1764705882353,0.4632352941176471,0.12,126,6
speaker,D_1054,AASIST-L,within_group,164,164,44,120,32.159090909090914,0.2833333333333333,0.4318181818181818,34,19
speaker,D_1739,AASIST,within_group,410,410,50,360,32.111111111111114,0.3472222222222222,0.28,125,14
speaker,D_3074,LFCC+LCNN,within_group,139,139,3,136,32.1078431372549,0.1323529411764706,1.0,18,3
speaker,D_3773,AASIST,within_group,370,370,50,320,32.09375,0.46875,0.18,150,9
speaker,D_2529,AASIST-L,within_group,426,426,50,376,32.09042553191489,0.48404255319148937,0.14,182,7
speaker,D_2371,AASIST,within_group,386,386,50,336,32.07142857142857,0.3244047619047619,0.3,109,15
speaker,D_3361,AASIST,within_group,386,386,50,336,32.07142857142857,0.3630952380952381,0.28,122,14
speaker,D_1444,AASIST-L,within_group,402,402,50,352,32.05113636363636,0.3068181818181818,0.32,108,16
speaker,D_0486,AASIST,within_group,346,346,50,296,32.04729729729729,0.36824324324324326,0.24,109,12
speaker,D_1458,AASIST-L,within_group,434,434,50,384,32.015625,0.3463541666666667,0.26,133,13
speaker,D_3545,AASIST,within_group,306,306,50,256,32.015625,0.39453125,0.26,101,13
speaker,D_4057,AASIST,within_group,450,450,50,400,31.999999999999996,0.31,0.34,124,17
speaker,D_1667,AASIST,within_group,466,466,50,416,31.98557692307692,0.2932692307692308,0.48,122,24
speaker,D_4224,AASIST,within_group,466,466,50,416,31.98557692307692,0.34375,0.22,143,11
speaker,D_0164,AASIST,within_group,410,410,50,360,31.972222222222218,0.2777777777777778,0.34,100,17
speaker,D_1948,AASIST3,within_group,354,354,50,304,31.953947368421055,0.39473684210526316,0.22,120,11
speaker,D_3183,AASIST-L,within_group,442,442,50,392,31.943877551020407,0.4719387755102041,0.2,185,10
speaker,D_2968,AASIST,within_group,418,418,50,368,31.89673913043478,0.4266304347826087,0.16,157,8
speaker,D_2751,AASIST,within_group,394,394,50,344,31.84302325581395,0.313953488372093,0.34,108,17
speaker,D_1327,AASIST-L,within_group,386,386,50,336,31.773809523809522,0.34226190476190477,0.24,115,12
speaker,D_0582,AASIST,within_group,100,100,4,96,31.770833333333336,0.3854166666666667,0.75,37,3
speaker,D_0546,AASIST,within_group,418,418,50,368,31.760869565217387,0.35054347826086957,0.22,129,11
speaker,D_3406,AASIST,within_group,450,450,50,400,31.75,0.3575,0.24,143,12
speaker,D_0487,LFCC+LCNN,within_group,362,362,50,312,31.7051282051282,0.25961538461538464,0.44,81,22
speaker,D_1495,AASIST-L,within_group,394,394,50,344,31.69767441860465,0.5668604651162791,0.06,195,3
speaker,D_1341,AASIST-L,within_group,426,426,50,376,31.691489361702125,0.3803191489361702,0.18,143,9
speaker,D_5011,AASIST,within_group,418,418,50,368,31.624999999999996,0.25815217391304346,0.48,95,24
speaker,D_1651,AASIST-L,within_group,402,402,50,352,31.624999999999996,0.45738636363636365,0.08,161,4
speaker,D_2059,AASIST3,within_group,402,402,50,352,31.624999999999996,0.06818181818181818,0.94,24,47
speaker,D_1153,AASIST-L,within_group,274,274,50,224,31.624999999999996,0.4732142857142857,0.12,106,6
speaker,D_3497,AASIST,within_group,434,434,50,384,31.494791666666664,0.3645833333333333,0.3,140,15
speaker,D_2561,AASIST-L,within_group,258,258,50,208,31.384615384615383,0.4326923076923077,0.26,90,13
speaker,D_4173,AASIST-L,within_group,394,394,50,344,31.26162790697674,0.5058139534883721,0.14,174,7
speaker,D_3406,AASIST-L,within_group,450,450,50,400,31.25,0.365,0.28,146,14
speaker,D_0236,AASIST,within_group,176,176,16,160,31.25,0.43125,0.125,69,2
speaker,D_2163,AASIST-L,within_group,140,140,28,112,31.25,0.5,0.17857142857142858,56,5
speaker,D_5121,AASIST,within_group,112,112,16,96,31.25,0.4375,0.125,42,2
speaker,D_5121,AASIST-L,within_group,112,112,16,96,31.25,0.4583333333333333,0.25,44,4
speaker,D_4054,AASIST,within_group,466,466,50,416,31.144230769230763,0.2860576923076923,0.36,119,18
speaker,D_3175,AASIST-L,within_group,354,354,50,304,31.13157894736842,0.3717105263157895,0.2,113,10
speaker,D_0865,AASIST-L,within_group,242,242,50,192,31.104166666666664,0.17708333333333334,0.62,34,31
speaker,D_0956,AASIST-L,within_group,474,474,50,424,30.97641509433962,0.4339622641509434,0.1,184,5
speaker,D_4870,LFCC+LCNN,within_group,410,410,50,360,30.97222222222222,0.12777777777777777,0.96,46,48
speaker,D_3206,LFCC+LCNN,within_group,127,127,7,120,30.952380952380953,0.35833333333333334,0.14285714285714285,43,1
speaker,D_3737,AASIST-L,within_group,458,458,50,408,30.93137254901961,0.5269607843137255,0.08,215,4
speaker,D_4029,AASIST-L,within_group,386,386,50,336,30.922619047619047,0.43154761904761907,0.12,145,6
speaker,D_4579,LFCC+LCNN,within_group,330,330,50,280,30.892857142857146,0.16428571428571428,0.48,46,24
speaker,D_5397,AASIST3,within_group,442,442,50,392,30.816326530612248,0.2755102040816326,0.44,108,22
speaker,D_2464,AASIST-L,within_group,370,370,50,320,30.781250000000004,0.403125,0.14,129,7
speaker,D_3037,AASIST,within_group,386,386,50,336,30.773809523809526,0.3273809523809524,0.22,110,11
speaker,D_5064,LFCC+LCNN,within_group,150,150,22,128,30.75284090909091,0.1484375,0.6363636363636364,19,14
speaker,D_4448,AASIST,within_group,330,330,50,280,30.714285714285715,0.40714285714285714,0.22,114,11
speaker,D_5102,AASIST-L,within_group,394,394,50,344,30.697674418604652,0.27906976744186046,0.5,96,25
speaker,D_2059,AASIST-L,within_group,402,402,50,352,30.625000000000004,0.48579545454545453,0.08,171,4
speaker,D_4377,AASIST-L,within_group,354,354,50,304,30.625000000000004,0.40131578947368424,0.22,122,11
speaker,D_1739,AASIST-L,within_group,410,410,50,360,30.555555555555557,0.3861111111111111,0.24,139,12
speaker,D_4365,AASIST-L,within_group,155,155,3,152,30.482456140350877,0.47368421052631576,0.0,72,0
speaker,D_3037,LFCC+LCNN,within_group,386,386,50,336,30.476190476190478,0.16071428571428573,0.62,54,31
speaker,D_0309,LFCC+LCNN,within_group,123,123,3,120,30.41666666666667,0.11666666666666667,0.6666666666666666,14,2
speaker,D_2236,AASIST,within_group,134,134,38,96,30.372807017543856,0.3229166666666667,0.2631578947368421,31,10
speaker,D_2111,LFCC+LCNN,within_group,120,120,8,112,30.35714285714286,0.33035714285714285,0.625,37,5
speaker,D_5308,AASIST-L,within_group,94,94,6,88,30.303030303030305,0.26136363636363635,0.3333333333333333,23,2
speaker,D_4951,AASIST-L,within_group,266,266,50,216,30.277777777777782,0.41203703703703703,0.14,89,7
speaker,D_2670,AASIST,within_group,93,93,21,72,30.257936507936506,0.4027777777777778,0.2857142857142857,29,6
speaker,D_5433,AASIST-L,within_group,434,434,50,384,30.234375000000004,0.4088541666666667,0.22,157,11
speaker,D_4363,AASIST-L,within_group,178,178,50,128,30.234375000000004,0.359375,0.24,46,12
speaker,D_5436,AASIST-L,within_group,168,168,40,128,30.234375000000004,0.3828125,0.25,49,10
speaker,D_0750,AASIST,within_group,234,234,50,184,30.217391304347828,0.3967391304347826,0.16,73,8
speaker,D_2330,AASIST-L,within_group,474,474,50,424,30.2122641509434,0.3466981132075472,0.22,147,11
speaker,D_1039,AASIST,within_group,402,402,50,352,30.198863636363637,0.48579545454545453,0.12,171,6
speaker,D_3273,LFCC+LCNN,within_group,402,402,50,352,30.198863636363637,0.22727272727272727,0.5,80,25
speaker,D_2464,LFCC+LCNN,within_group,370,370,50,320,30.15625,0.16875,0.5,54,25
speaker,D_4356,AASIST,within_group,466,466,50,416,30.144230769230774,0.40384615384615385,0.12,168,6
speaker,D_1989,LFCC+LCNN,within_group,258,258,50,208,30.144230769230774,0.30288461538461536,0.3,63,15
speaker,D_3206,AASIST3,within_group,127,127,7,120,30.119047619047617,0.225,0.5714285714285714,27,4
speaker,D_3501,AASIST3,within_group,434,434,50,384,30.104166666666664,0.026041666666666668,0.92,10,46
speaker,D_3697,AASIST,within_group,242,242,50,192,30.104166666666664,0.2760416666666667,0.32,53,16
speaker,D_3576,AASIST-L,within_group,322,322,50,272,30.07352941176471,0.3014705882352941,0.24,82,12
speaker,D_3425,LFCC+LCNN,within_group,266,266,50,216,30.046296296296298,0.12962962962962962,0.74,28,37
speaker,D_0059,AASIST-L,within_group,426,426,50,376,30.02659574468085,0.34574468085106386,0.22,130,11
speaker,D_4236,AASIST-L,within_group,410,410,50,360,30.000000000000004,0.5583333333333333,0.0,201,0
speaker,D_2937,AASIST3,within_group,370,370,50,320,30.000000000000004,0.278125,0.32,89,16
speaker,D_4485,AASIST,within_group,250,250,50,200,30.000000000000004,0.37,0.2,74,10
speaker,D_0309,AASIST-L,within_group,123,123,3,120,30.000000000000004,0.25,0.3333333333333333,30,1
speaker,D_1217,AASIST-L,within_group,482,482,50,432,29.93055555555556,0.39351851851851855,0.12,170,6
speaker,D_5222,AASIST-L,within_group,213,213,37,176,29.921683046683047,0.3352272727272727,0.24324324324324326,59,9
speaker,D_2561,AASIST3,within_group,258,258,50,208,29.90384615384616,0.27884615384615385,0.38,58,19
speaker,D_4006,AASIST-L,within_group,450,450,50,400,29.875,0.34,0.22,136,11
speaker,D_5292,AASIST,within_group,306,306,50,256,29.843750000000004,0.41015625,0.16,105,8
speaker,D_4675,AASIST-L,within_group,418,418,50,368,29.809782608695656,0.2717391304347826,0.3,100,15
speaker,D_4721,AASIST,within_group,402,402,50,352,29.772727272727273,0.36363636363636365,0.24,128,12
speaker,D_5462,AASIST,within_group,426,426,50,376,29.760638297872344,0.3484042553191489,0.28,131,14
speaker,D_4057,AASIST-L,within_group,450,450,50,400,29.75,0.37,0.22,148,11
speaker,D_3361,AASIST-L,within_group,386,386,50,336,29.73214285714286,0.35714285714285715,0.22,120,11
speaker,D_4236,AASIST,within_group,410,410,50,360,29.72222222222223,0.5666666666666667,0.0,204,0
speaker,D_0146,LFCC+LCNN,within_group,110,110,6,104,29.647435897435905,0.038461538461538464,1.0,4,6
speaker,D_3429,AASIST3,within_group,378,378,50,328,29.63414634146342,0.2652439024390244,0.42,87,21
speaker,D_3668,LFCC+LCNN,within_group,450,450,50,400,29.625,0.09,0.6,36,30
speaker,D_0956,AASIST,within_group,474,474,50,424,29.62264150943397,0.39858490566037735,0.12,169,6
speaker,D_4320,AASIST,within_group,386,386,50,336,29.58333333333334,0.27380952380952384,0.32,92,16
speaker,D_1102,AASIST3,within_group,133,133,13,120,29.55128205128205,0.2916666666666667,0.23076923076923078,35,3
speaker,D_1474,AASIST,within_group,139,139,27,112,29.546957671957674,0.45535714285714285,0.1111111111111111,51,3
speaker,D_2327,AASIST3,within_group,370,370,50,320,29.531250000000004,0.03125,0.68,10,34
speaker,D_1153,AASIST3,within_group,274,274,50,224,29.508928571428573,0.22767857142857142,0.4,51,20
speaker,D_5076,AASIST,within_group,426,426,50,376,29.49468085106383,0.375,0.18,141,9
speaker,D_3063,AASIST-L,within_group,410,410,50,360,29.444444444444446,0.3416666666666667,0.18,123,9
speaker,D_0620,AASIST3,within_group,386,386,50,336,29.43452380952381,0.25595238095238093,0.4,86,20
speaker,D_4485,LFCC+LCNN,within_group,250,250,50,200,29.25,0.28,0.3,56,15
speaker,D_0087,AASIST3,within_group,125,125,13,112,29.223901098901102,0.1875,0.5384615384615384,21,7
speaker,D_0146,AASIST3,within_group,110,110,6,104,29.166666666666668,0.33653846153846156,0.16666666666666666,35,1
speaker,D_2657,LFCC+LCNN,within_group,410,410,50,360,28.861111111111114,0.2222222222222222,0.48,80,24
speaker,D_0461,AASIST,within_group,458,458,50,408,28.828431372549023,0.35294117647058826,0.14,144,7
speaker,D_4964,AASIST,within_group,250,250,50,200,28.749999999999996,0.32,0.22,64,11
speaker,D_4811,AASIST,within_group,157,157,45,112,28.730158730158728,0.45535714285714285,0.13333333333333333,51,6
speaker,D_2338,AASIST-L,within_group,434,434,50,384,28.713541666666664,0.4453125,0.2,171,10
speaker,D_0065,AASIST,within_group,113,113,9,104,28.685897435897438,0.38461538461538464,0.3333333333333333,40,3
speaker,D_4173,AASIST,within_group,394,394,50,344,28.68023255813954,0.5290697674418605,0.06,182,3
speaker,D_3124,AASIST,within_group,394,394,50,344,28.53488372093024,0.4738372093023256,0.14,163,7
speaker,D_0430,LFCC+LCNN,within_group,426,426,50,376,28.49468085106383,0.2632978723404255,0.36,99,18
speaker,D_3276,AASIST-L,within_group,75,75,11,64,28.480113636363637,0.453125,0.09090909090909091,29,1
speaker,D_0669,LFCC+LCNN,within_group,458,458,50,408,28.460784313725497,0.2647058823529412,0.52,108,26
speaker,D_5457,AASIST,within_group,306,306,50,256,28.453125,0.33203125,0.24,85,12
speaker,D_0425,AASIST-L,within_group,282,282,50,232,28.43965517241379,0.5431034482758621,0.18,126,9
speaker,D_4882,AASIST,within_group,282,282,50,232,28.43965517241379,0.3275862068965517,0.16,76,8
speaker,D_4882,AASIST-L,within_group,282,282,50,232,28.43965517241379,0.39655172413793105,0.2,92,10
speaker,D_2419,AASIST-L,within_group,386,386,50,336,28.43452380952381,0.45535714285714285,0.16,153,8
speaker,D_3166,LFCC+LCNN,within_group,386,386,50,336,28.43452380952381,0.17857142857142858,0.5,60,25
speaker,D_3237,AASIST3,within_group,386,386,50,336,28.43452380952381,0.05357142857142857,0.7,18,35
speaker,D_1951,AASIST3,within_group,160,160,48,112,28.422619047619047,0.0625,0.7083333333333334,7,34
speaker,D_0488,AASIST,within_group,498,498,50,448,28.39732142857143,0.390625,0.18,175,9
speaker,D_0062,AASIST-L,within_group,314,314,50,264,28.393939393939394,0.4015151515151515,0.1,106,5
speaker,D_4511,AASIST,within_group,394,394,50,344,28.389534883720934,0.3168604651162791,0.28,109,14
speaker,D_4006,AASIST3,within_group,450,450,50,400,28.375,0.0325,0.9,13,45
speaker,D_5273,AASIST,within_group,266,266,50,216,28.35185185185185,0.46296296296296297,0.06,100,3
speaker,D_4258,AASIST-L,within_group,142,142,14,128,28.348214285714285,0.4609375,0.07142857142857142,59,1
speaker,D_3737,AASIST,within_group,458,458,50,408,28.33823529411765,0.48284313725490197,0.16,197,8
speaker,D_3429,AASIST-L,within_group,378,378,50,328,28.32926829268293,0.29878048780487804,0.28,98,14
speaker,D_1068,LFCC+LCNN,within_group,354,354,50,304,28.309210526315788,0.24013157894736842,0.52,73,26
speaker,D_5457,AASIST-L,within_group,306,306,50,256,28.2578125,0.41015625,0.14,105,7
speaker,D_1756,AASIST,within_group,394,394,50,344,28.244186046511633,0.2761627906976744,0.32,95,16
speaker,D_1468,AASIST,within_group,107,107,11,96,28.219696969696972,0.5208333333333334,0.0,50,0
speaker,D_0461,AASIST-L,within_group,458,458,50,408,28.215686274509803,0.3897058823529412,0.18,159,9
speaker,D_1651,AASIST,within_group,402,402,50,352,28.20454545454546,0.45738636363636365,0.06,161,3
speaker,D_5057,AASIST,within_group,434,434,50,384,28.19270833333334,0.4661458333333333,0.1,179,5
speaker,D_5035,LFCC+LCNN,within_group,151,151,7,144,28.174603174603174,0.11805555555555555,1.0,17,7
speaker,D_2670,AASIST-L,within_group,93,93,21,72,28.174603174603174,0.375,0.2857142857142857,27,6
speaker,D_2793,AASIST3,within_group,442,442,50,392,28.158163265306126,0.04336734693877551,0.7,17,35
speaker,D_3183,LFCC+LCNN,within_group,442,442,50,392,28.158163265306126,0.18622448979591838,0.44,73,22
speaker,D_0750,LFCC+LCNN,within_group,234,234,50,184,28.130434782608692,0.30978260869565216,0.22,57,11
speaker,D_0132,AASIST,within_group,330,330,50,280,28.107142857142858,0.3,0.28,84,14
speaker,D_1341,AASIST,within_group,426,426,50,376,28.095744680851066,0.3829787234042553,0.2,144,10
speaker,D_4384,AASIST,within_group,426,426,50,376,28.095744680851066,0.4654255319148936,0.08,175,4
speaker,D_3074,AASIST3,within_group,139,139,3,136,28.063725490196077,0.058823529411764705,0.6666666666666666,8,2
speaker,D_5165,AASIST3,within_group,370,370,50,320,28.0625,0.3,0.18,96,9
speaker,D_1261,LFCC+LCNN,within_group,338,338,50,288,28.0625,0.1736111111111111,0.5,50,25
speaker,D_3206,AASIST,within_group,127,127,7,120,28.035714285714285,0.4583333333333333,0.2857142857142857,55,2
speaker,D_2788,AASIST,within_group,131,131,3,128,27.994791666666668,0.4140625,0.0,53,0
speaker,D_5283,AASIST-L,within_group,418,418,50,368,27.994565217391308,0.30434782608695654,0.24,112,12
speaker,D_1756,LFCC+LCNN,within_group,394,394,50,344,27.953488372093027,0.25872093023255816,0.36,89,18
speaker,D_5102,LFCC+LCNN,within_group,394,394,50,344,27.953488372093027,0.25872093023255816,0.34,89,17
speaker,D_0562,AASIST3,within_group,330,330,50,280,27.92857142857143,0.15357142857142858,0.54,43,27
speaker,D_1444,AASIST,within_group,402,402,50,352,27.920454545454543,0.2784090909090909,0.28,98,14
speaker,D_0090,LFCC+LCNN,within_group,370,370,50,320,27.90625,0.165625,0.74,53,37
speaker,D_3773,AASIST3,within_group,370,370,50,320,27.90625,0.246875,0.28,79,14
speaker,D_5283,AASIST,within_group,418,418,50,368,27.858695652173914,0.29347826086956524,0.2,108,10
speaker,D_0486,AASIST-L,within_group,346,346,50,296,27.85135135135135,0.46283783783783783,0.12,137,6
speaker,D_1921,AASIST3,within_group,426,426,50,376,27.82978723404256,0.07180851063829788,0.82,27,41
speaker,D_0729,AASIST-L,within_group,434,434,50,384,27.80208333333334,0.4505208333333333,0.08,173,4
speaker,D_0546,AASIST-L,within_group,418,418,50,368,27.72282608695652,0.34782608695652173,0.2,128,10
speaker,D_3689,AASIST,within_group,386,386,50,336,27.690476190476193,0.30654761904761907,0.24,103,12
speaker,D_2338,AASIST,within_group,434,434,50,384,27.671875,0.34375,0.22,132,11
speaker,D_4619,LFCC+LCNN,within_group,394,394,50,344,27.66279069767442,0.2877906976744186,0.28,99,14
speaker,D_0454,AASIST3,within_group,156,156,36,120,27.63888888888889,0.13333333333333333,0.6111111111111112,16,22
speaker,D_1566,AASIST-L,within_group,362,362,50,312,27.62179487179487,0.391025641025641,0.16,122,8
speaker,D_0538,LFCC+LCNN,within_group,134,134,14,120,27.61904761904762,0.08333333333333333,0.5714285714285714,10,8
speaker,D_3931,LFCC+LCNN,within_group,466,466,50,416,27.581730769230774,0.15625,0.52,65,26
speaker,D_4054,AASIST-L,within_group,466,466,50,416,27.581730769230774,0.3076923076923077,0.26,128,13
speaker,D_0177,LFCC+LCNN,within_group,434,434,50,384,27.541666666666664,0.2526041666666667,0.42,97,21
speaker,D_4861,AASIST,within_group,386,386,50,336,27.541666666666664,0.38392857142857145,0.12,129,6
speaker,D_3697,AASIST3,within_group,242,242,50,192,27.541666666666664,0.078125,0.64,15,32
speaker,D_4737,AASIST,within_group,242,242,50,192,27.541666666666664,0.2760416666666667,0.28,53,14
speaker,D_1303,AASIST,within_group,154,154,26,128,27.524038461538463,0.2734375,0.34615384615384615,35,9
speaker,D_3003,AASIST,within_group,298,298,50,248,27.508064516129032,0.43548387096774194,0.14,108,7
speaker,D_0903,AASIST3,within_group,450,450,50,400,27.500000000000004,0.18,0.44,72,22
speaker,D_2422,LFCC+LCNN,within_group,410,410,50,360,27.500000000000004,0.275,0.1,99,5
speaker,D_1432,LFCC+LCNN,within_group,306,306,50,256,27.4765625,0.21875,0.42,56,21
speaker,D_3166,AASIST3,within_group,386,386,50,336,27.43452380952381,0.15476190476190477,0.28,52,14
speaker,D_0913,LFCC+LCNN,within_group,394,394,50,344,27.389534883720934,0.311046511627907,0.24,107,12
speaker,D_0407,AASIST3,within_group,418,418,50,368,27.315217391304348,0.07608695652173914,0.66,28,33
speaker,D_3171,AASIST3,within_group,153,153,49,104,27.20761381475667,0.14423076923076922,0.7346938775510204,15,36
speaker,D_5355,LFCC+LCNN,within_group,142,142,14,128,27.176339285714285,0.234375,0.2857142857142857,30,4
speaker,D_2275,AASIST,within_group,146,146,18,128,27.17013888888889,0.28125,0.2777777777777778,36,5
speaker,D_5314,AASIST-L,within_group,274,274,50,224,27.16964285714286,0.41517857142857145,0.2,93,10
speaker,D_0750,AASIST-L,within_group,234,234,50,184,27.04347826086957,0.47282608695652173,0.14,87,7
speaker,D_2288,AASIST3,within_group,354,354,50,304,26.993421052631582,0.21710526315789475,0.46,66,23
speaker,D_5213,LFCC+LCNN,within_group,258,258,50,208,26.942307692307693,0.22115384615384615,0.62,46,31
speaker,D_5064,AASIST-L,within_group,150,150,22,128,26.917613636363637,0.5546875,0.09090909090909091,71,2
speaker,D_1432,AASIST-L,within_group,306,306,50,256,26.8671875,0.30859375,0.2,79,10
speaker,D_3378,AASIST-L,within_group,330,330,50,280,26.857142857142858,0.2857142857142857,0.18,80,9
speaker,D_4143,LFCC+LCNN,within_group,140,140,4,136,26.838235294117645,0.08823529411764706,0.75,12,3
speaker,D_3192,LFCC+LCNN,within_group,314,314,50,264,26.825757575757574,0.10227272727272728,0.6,27,30
speaker,D_3063,AASIST,within_group,410,410,50,360,26.75,0.35555555555555557,0.1,128,5
speaker,D_1303,AASIST-L,within_group,154,154,26,128,26.742788461538463,0.2890625,0.23076923076923078,37,6
speaker,D_3457,AASIST3,within_group,466,466,50,416,26.70192307692308,0.15384615384615385,0.48,64,24
speaker,D_0620,LFCC+LCNN,within_group,386,386,50,336,26.690476190476193,0.13690476190476192,0.78,46,39
speaker,D_2731,LFCC+LCNN,within_group,306,306,50,256,26.671875,0.30078125,0.2,77,10
speaker,D_0301,AASIST,within_group,402,402,50,352,26.636363636363637,0.44886363636363635,0.08,158,4
speaker,D_4377,LFCC+LCNN,within_group,354,354,50,304,26.486842105263158,0.2598684210526316,0.3,79,15
speaker,D_4006,AASIST,within_group,450,450,50,400,26.375000000000004,0.3275,0.12,131,6
speaker,D_4721,LFCC+LCNN,within_group,402,402,50,352,26.35227272727273,0.26420454545454547,0.28,93,14
speaker,D_2991,LFCC+LCNN,within_group,410,410,50,360,26.333333333333332,0.33055555555555555,0.26,119,13
speaker,D_5157,AASIST-L,within_group,474,474,50,424,26.325471698113212,0.3561320754716981,0.14,151,7
speaker,D_1045,LFCC+LCNN,within_group,426,426,50,376,26.29787234042553,0.24468085106382978,0.34,92,17
speaker,D_3885,AASIST-L,within_group,147,147,27,120,26.296296296296294,0.30833333333333335,0.2222222222222222,37,6
speaker,D_2095,AASIST-L,within_group,314,314,50,264,26.257575757575758,0.2727272727272727,0.26,72,13
speaker,D_2422,AASIST-L,within_group,410,410,50,360,26.194444444444443,0.4527777777777778,0.02,163,1
speaker,D_2203,LFCC+LCNN,within_group,338,338,50,288,26.194444444444443,0.1111111111111111,0.3,32,15
speaker,D_0467,LFCC+LCNN,within_group,189,189,45,144,26.180555555555557,0.3541666666666667,0.022222222222222223,51,1
speaker,D_2364,AASIST3,within_group,290,290,50,240,26.125,0.0375,0.76,9,38
speaker,D_3237,LFCC+LCNN,within_group,386,386,50,336,26.095238095238095,0.21726190476190477,0.36,73,18
speaker,D_2059,LFCC+LCNN,within_group,402,402,50,352,26.068181818181817,0.20170454545454544,0.46,71,23
speaker,D_1306,AASIST-L,within_group,314,314,50,264,26.068181818181817,0.42424242424242425,0.1,112,5
speaker,D_2422,AASIST,within_group,410,410,50,360,26.055555555555554,0.4305555555555556,0.0,155,0
speaker,D_4888,AASIST,within_group,418,418,50,368,26.04347826086957,0.3179347826086957,0.12,117,6
speaker,D_0582,LFCC+LCNN,within_group,100,100,4,96,26.041666666666664,0.2604166666666667,0.5,25,2
speaker,D_5474,AASIST,within_group,330,330,50,280,26.035714285714285,0.3678571428571429,0.08,103,4
speaker,D_5367,LFCC+LCNN,within_group,250,250,50,200,26.0,0.36,0.12,72,6
speaker,D_1062,LFCC+LCNN,within_group,154,154,50,104,25.98076923076923,0.20192307692307693,0.46,21,23
speaker,D_2266,LFCC+LCNN,within_group,474,474,50,424,25.971698113207548,0.2617924528301887,0.24,111,12
speaker,D_4844,AASIST,within_group,378,378,50,328,25.95731707317073,0.42378048780487804,0.18,139,9
speaker,D_1026,AASIST3,within_group,410,410,50,360,25.916666666666664,0.25555555555555554,0.26,92,13
speaker,D_3504,AASIST,within_group,418,418,50,368,25.907608695652172,0.328804347826087,0.08,121,4
speaker,D_5236,LFCC+LCNN,within_group,418,418,50,368,25.907608695652172,0.059782608695652176,0.74,22,37
speaker,D_0729,AASIST,within_group,434,434,50,384,25.890625,0.3645833333333333,0.16,140,8
speaker,D_1566,AASIST,within_group,362,362,50,312,25.82051282051282,0.3076923076923077,0.22,96,11
speaker,D_4069,AASIST-L,within_group,362,362,50,312,25.82051282051282,0.34935897435897434,0.18,109,9
speaker,D_2419,LFCC+LCNN,within_group,386,386,50,336,25.797619047619047,0.28273809523809523,0.2,95,10
speaker,D_4888,AASIST-L,within_group,418,418,50,368,25.771739130434785,0.2717391304347826,0.24,100,12
speaker,D_3337,AASIST-L,within_group,426,426,50,376,25.765957446808507,0.36436170212765956,0.16,137,8
speaker,D_3003,AASIST-L,within_group,298,298,50,248,25.701612903225808,0.4637096774193548,0.08,115,4
speaker,D_0368,AASIST3,within_group,362,362,50,312,25.66025641025641,0.3782051282051282,0.14,118,7
speaker,D_3124,AASIST-L,within_group,394,394,50,344,25.645348837209305,0.5436046511627907,0.04,187,2
speaker,D_1729,AASIST-L,within_group,418,418,50,368,25.635869565217394,0.3967391304347826,0.14,146,7
speaker,D_3337,AASIST,within_group,426,426,50,376,25.632978723404253,0.3803191489361702,0.08,143,4
speaker,D_3953,AASIST3,within_group,458,458,50,408,25.622549019607842,0.3700980392156863,0.08,151,4
speaker,D_4356,AASIST-L,within_group,466,466,50,416,25.620192307692307,0.46634615384615385,0.0,194,0
speaker,D_5157,AASIST3,within_group,474,474,50,424,25.617924528301888,0.29245283018867924,0.2,124,10
speaker,D_4108,AASIST,within_group,177,177,41,136,25.546987087517937,0.5,0.14634146341463414,68,6
speaker,D_5121,AASIST3,within_group,112,112,16,96,25.520833333333336,0.03125,0.875,3,14
speaker,D_1921,LFCC+LCNN,within_group,426,426,50,376,25.5,0.26063829787234044,0.18,98,9
speaker,D_5368,AASIST-L,within_group,410,410,50,360,25.5,0.36944444444444446,0.08,133,4
speaker,D_5388,LFCC+LCNN,within_group,370,370,50,320,25.5,0.278125,0.22,89,11
speaker,D_0835,AASIST,within_group,306,306,50,256,25.5,0.3828125,0.04,98,2
speaker,D_3745,AASIST-L,within_group,178,178,50,128,25.5,0.3203125,0.12,41,6
speaker,D_2245,LFCC+LCNN,within_group,132,132,4,128,25.390625,0.21875,0.25,28,1
speaker,D_1957,AASIST-L,within_group,450,450,50,400,25.375000000000004,0.47,0.14,188,7
speaker,D_5236,AASIST3,within_group,418,418,50,368,25.364130434782606,0.19293478260869565,0.32,71,16
speaker,D_3276,AASIST,within_group,75,75,11,64,25.355113636363637,0.421875,0.18181818181818182,27,2
speaker,D_3276,AASIST3,within_group,75,75,11,64,25.355113636363637,0.3125,0.2727272727272727,20,3
speaker,D_3429,AASIST,within_group,378,378,50,328,25.347560975609756,0.32621951219512196,0.06,107,3
speaker,D_2561,LFCC+LCNN,within_group,258,258,50,208,25.259615384615387,0.3701923076923077,0.08,77,4
speaker,D_0487,AASIST,within_group,362,362,50,312,25.179487179487182,0.34935897435897434,0.1,109,5
speaker,D_1306,AASIST3,within_group,314,314,50,264,25.12121212121212,0.0946969696969697,0.42,25,21
speaker,D_3124,LFCC+LCNN,within_group,394,394,50,344,25.063953488372093,0.19476744186046513,0.32,67,16
speaker,D_4861,AASIST-L,within_group,386,386,50,336,25.05357142857143,0.3898809523809524,0.14,131,7
speaker,D_0233,AASIST,within_group,128,128,32,96,25.0,0.2604166666666667,0.21875,25,7
speaker,D_0233,AASIST-L,within_group,128,128,32,96,25.0,0.3229166666666667,0.15625,31,5
speaker,D_0062,AASIST,within_group,314,314,50,264,24.87878787878788,0.4621212121212121,0.04,122,2
speaker,D_0132,LFCC+LCNN,within_group,330,330,50,280,24.857142857142854,0.2571428571428571,0.24,72,12
speaker,D_0962,AASIST,within_group,434,434,50,384,24.760416666666664,0.453125,0.06,174,3
speaker,D_0427,AASIST3,within_group,250,250,50,200,24.75,0.065,0.6,13,30
speaker,D_0562,AASIST,within_group,330,330,50,280,24.678571428571427,0.3357142857142857,0.16,94,8
speaker,D_4448,LFCC+LCNN,within_group,330,330,50,280,24.678571428571427,0.275,0.24,77,12
speaker,D_4377,AASIST3,within_group,354,354,50,304,24.664473684210524,0.03289473684210526,0.86,10,43
speaker,D_1474,AASIST3,within_group,139,139,27,112,24.570105820105823,0.05357142857142857,0.7777777777777778,6,21
speaker,D_1161,LFCC+LCNN,within_group,109,109,13,96,24.559294871794872,0.375,0.0,36,0
speaker,D_1837,LFCC+LCNN,within_group,274,274,50,224,24.5,0.23214285714285715,0.32,52,16
speaker,D_0750,AASIST3,within_group,234,234,50,184,24.5,0.2826086956521739,0.16,52,8
speaker,D_3183,AASIST3,within_group,442,442,50,392,24.372448979591837,0.23214285714285715,0.3,91,15
speaker,D_5163,LFCC+LCNN,within_group,434,434,50,384,24.369791666666668,0.2604166666666667,0.22,100,11
speaker,D_5433,AASIST,within_group,434,434,50,384,24.369791666666668,0.4192708333333333,0.14,161,7
speaker,D_4322,AASIST3,within_group,402,402,50,352,24.357954545454547,0.21306818181818182,0.36,75,18
speaker,D_3689,AASIST-L,within_group,386,386,50,336,24.351190476190474,0.3630952380952381,0.18,122,9
speaker,D_1306,AASIST,within_group,314,314,50,264,24.31060606060606,0.42803030303030304,0.06,113,3
speaker,D_2364,LFCC+LCNN,within_group,290,290,50,240,24.291666666666668,0.32083333333333336,0.1,77,5
speaker,D_4811,AASIST-L,within_group,157,157,45,112,24.275793650793652,0.5,0.0,56,0
speaker,D_1045,AASIST-L,within_group,426,426,50,376,24.234042553191486,0.44680851063829785,0.14,168,7
speaker,D_1741,LFCC+LCNN,within_group,418,418,50,368,24.228260869565215,0.1358695652173913,0.34,50,17
speaker,D_3593,AASIST3,within_group,418,418,50,368,24.228260869565215,0.33967391304347827,0.06,125,3
speaker,D_4237,LFCC+LCNN,within_group,226,226,50,176,24.21590909090909,0.32954545454545453,0.12,58,6
speaker,D_5174,AASIST,within_group,370,370,50,320,24.1875,0.496875,0.04,159,2
speaker,D_3015,AASIST3,within_group,426,426,50,376,24.101063829787233,0.0851063829787234,0.48,32,24
speaker,D_5214,LFCC+LCNN,within_group,426,426,50,376,24.101063829787233,0.23404255319148937,0.24,88,12
speaker,D_2835,LFCC+LCNN,within_group,298,298,50,248,24.096774193548388,0.29838709677419356,0.12,74,6
speaker,D_4932,AASIST,within_group,418,418,50,368,24.092391304347828,0.3641304347826087,0.06,134,3
speaker,D_4081,AASIST3,within_group,410,410,50,360,24.083333333333336,0.18888888888888888,0.36,68,18
speaker,D_4607,AASIST,within_group,402,402,50,352,24.073863636363633,0.4289772727272727,0.02,151,1
speaker,D_4511,AASIST-L,within_group,394,394,50,344,24.063953488372093,0.41569767441860467,0.04,143,2
speaker,D_3425,AASIST,within_group,266,266,50,216,24.037037037037035,0.2777777777777778,0.14,60,7
speaker,D_5174,AASIST3,within_group,370,370,50,320,24.03125,0.25625,0.18,82,9
speaker,D_3309,AASIST,within_group,154,154,50,104,24.01923076923077,0.22115384615384615,0.28,23,14
speaker,D_0427,LFCC+LCNN,within_group,250,250,50,200,24.0,0.13,0.46,26,23
speaker,D_5167,AASIST3,within_group,108,108,12,96,23.958333333333332,0.17708333333333334,0.3333333333333333,17,4
speaker,D_0985,AASIST3,within_group,394,394,50,344,23.918604651162788,0.20348837209302326,0.38,70,19
speaker,D_1432,AASIST3,within_group,306,306,50,256,23.9140625,0.078125,0.8,20,40
speaker,D_1461,AASIST3,within_group,298,298,50,248,23.89516129032258,0.024193548387096774,0.98,6,49
speaker,D_2464,AASIST3,within_group,370,370,50,320,23.875,0.1125,0.64,36,32
speaker,D_1708,LFCC+LCNN,within_group,290,290,50,240,23.875,0.35,0.0,84,0
speaker,D_4069,AASIST,within_group,362,362,50,312,23.858974358974358,0.3685897435897436,0.12,115,6
speaker,D_3497,AASIST3,within_group,434,434,50,384,23.848958333333332,0.046875,0.56,18,28
speaker,D_3175,LFCC+LCNN,within_group,354,354,50,304,23.842105263157894,0.2565789473684211,0.22,78,11
speaker,D_3504,AASIST-L,within_group,418,418,50,368,23.820652173913043,0.33152173913043476,0.08,122,4
speaker,D_5273,AASIST3,within_group,266,266,50,216,23.805555555555554,0.19907407407407407,0.42,43,21
speaker,D_5157,AASIST,within_group,474,474,50,424,23.79245283018868,0.3915094339622642,0.1,166,5
speaker,D_0244,AASIST3,within_group,530,530,50,480,23.770833333333332,0.27291666666666664,0.2,131,10
speaker,D_1957,AASIST,within_group,450,450,50,400,23.75,0.3725,0.1,149,5
speaker,D_0835,AASIST3,within_group,306,306,50,256,23.71875,0.21875,0.3,56,15
speaker,D_1045,AASIST,within_group,426,426,50,376,23.70212765957447,0.40425531914893614,0.08,152,4
speaker,D_0496,AASIST,within_group,482,482,50,432,23.689814814814813,0.4861111111111111,0.0,210,0
speaker,D_1729,LFCC+LCNN,within_group,418,418,50,368,23.684782608695652,0.2826086956521739,0.18,104,9
speaker,D_4048,LFCC+LCNN,within_group,418,418,50,368,23.684782608695652,0.08967391304347826,0.52,33,26
speaker,D_2111,AASIST3,within_group,120,120,8,112,23.660714285714285,0.2767857142857143,0.125,31,1
speaker,D_1303,LFCC+LCNN,within_group,154,154,26,128,23.647836538461537,0.125,0.5384615384615384,16,14
speaker,D_4205,AASIST-L,within_group,402,402,50,352,23.64772727272727,0.39204545454545453,0.16,138,8
speaker,D_2592,LFCC+LCNN,within_group,394,394,50,344,23.627906976744185,0.21220930232558138,0.26,73,13
speaker,D_3037,AASIST-L,within_group,386,386,50,336,23.607142857142858,0.2916666666666667,0.16,98,8
speaker,D_4258,LFCC+LCNN,within_group,142,142,14,128,23.604910714285715,0.171875,0.6428571428571429,22,9
speaker,D_2684,AASIST,within_group,426,426,50,376,23.569148936170212,0.4148936170212766,0.0,156,0
speaker,D_5052,LFCC+LCNN,within_group,362,362,50,312,23.53846153846154,0.24358974358974358,0.24,76,12
speaker,D_2292,AASIST3,within_group,153,153,17,136,23.529411764705884,0.07352941176470588,0.47058823529411764,10,8
speaker,D_2415,LFCC+LCNN,within_group,402,402,50,352,23.505681818181817,0.15625,0.46,55,23
speaker,D_5064,AASIST,within_group,150,150,22,128,23.473011363636363,0.4765625,0.0,61,0
speaker,D_5167,AASIST-L,within_group,108,108,12,96,23.4375,0.4375,0.0,42,0
speaker,D_3602,AASIST-L,within_group,346,346,50,296,23.317567567567565,0.3547297297297297,0.14,105,7
speaker,D_1045,AASIST3,within_group,426,426,50,376,23.3031914893617,0.2925531914893617,0.18,110,9
speaker,D_5261,AASIST3,within_group,167,167,39,128,23.257211538461537,0.1796875,0.358974358974359,23,14
speaker,D_5480,AASIST,within_group,450,450,50,400,23.25,0.525,0.0,210,0
speaker,D_4964,AASIST3,within_group,250,250,50,200,23.25,0.02,0.96,4,48
speaker,D_3911,LFCC+LCNN,within_group,442,442,50,392,23.22448979591837,0.2602040816326531,0.08,102,4
speaker,D_2464,AASIST,within_group,370,370,50,320,23.1875,0.428125,0.06,137,3
speaker,D_5397,AASIST-L,within_group,442,442,50,392,23.096938775510203,0.5204081632653061,0.1,204,5
speaker,D_5424,AASIST3,within_group,154,154,34,120,23.014705882352942,0.35,0.029411764705882353,42,1
speaker,D_5436,AASIST,within_group,168,168,40,128,22.96875,0.3671875,0.175,47,7
speaker,D_4143,AASIST3,within_group,140,140,4,136,22.794117647058822,0.15441176470588236,0.25,21,1
speaker,D_1039,LFCC+LCNN,within_group,402,402,50,352,22.789772727272727,0.2556818181818182,0.16,90,8
speaker,D_3885,AASIST,within_group,147,147,27,120,22.77777777777778,0.4083333333333333,0.037037037037037035,49,1
speaker,D_3885,LFCC+LCNN,within_group,147,147,27,120,22.77777777777778,0.25,0.2222222222222222,30,6
speaker,D_3518,AASIST-L,within_group,306,306,50,256,22.71875,0.28515625,0.14,73,7
speaker,D_3644,LFCC+LCNN,within_group,155,155,35,120,22.678571428571427,0.15833333333333333,0.2857142857142857,19,10
speaker,D_5388,AASIST,within_group,370,370,50,320,22.625,0.453125,0.1,145,5
speaker,D_2721,AASIST3,within_group,442,442,50,392,22.607142857142858,0.34438775510204084,0.06,135,3
speaker,D_2095,AASIST,within_group,314,314,50,264,22.5530303030303,0.32575757575757575,0.1,86,5
speaker,D_0537,AASIST3,within_group,242,242,50,192,22.45833333333333,0.08333333333333333,0.62,16,31
speaker,D_3781,LFCC+LCNN,within_group,426,426,50,376,22.436170212765955,0.2925531914893617,0.04,110,2
speaker,D_4384,AASIST-L,within_group,426,426,50,376,22.436170212765955,0.39095744680851063,0.12,147,6
speaker,D_1729,AASIST,within_group,418,418,50,368,22.413043478260867,0.27717391304347827,0.14,102,7
speaker,D_3737,AASIST3,within_group,458,458,50,408,22.39705882352941,0.21323529411764705,0.3,87,15
speaker,D_1250,AASIST3,within_group,100,100,4,96,22.395833333333332,0.125,0.25,12,1
speaker,D_5314,AASIST,within_group,274,274,50,224,22.38392857142857,0.4732142857142857,0.08,106,4
speaker,D_5480,AASIST-L,within_group,450,450,50,400,22.375,0.55,0.0,220,0
speaker,D_4205,AASIST,within_group,402,402,50,352,22.363636363636363,0.4403409090909091,0.02,155,1
speaker,D_5143,LFCC+LCNN,within_group,402,402,50,352,22.363636363636363,0.29261363636363635,0.14,103,7
speaker,D_4825,AASIST3,within_group,266,266,50,216,22.34259259259259,0.13425925925925927,0.5,29,25
speaker,D_4320,AASIST-L,within_group,386,386,50,336,22.309523809523807,0.2857142857142857,0.2,96,10
speaker,D_3457,AASIST-L,within_group,466,466,50,416,22.29807692307692,0.46634615384615385,0.08,194,4
speaker,D_4224,AASIST3,within_group,466,466,50,416,22.29807692307692,0.052884615384615384,0.68,22,34
speaker,D_2073,LFCC+LCNN,within_group,418,418,50,368,22.277173913043477,0.07336956521739131,0.6,27,30
speaker,D_2236,AASIST-L,within_group,134,134,38,96,22.25877192982456,0.21875,0.15789473684210525,21,6
speaker,D_4964,LFCC+LCNN,within_group,250,250,50,200,22.249999999999996,0.325,0.14,65,7
speaker,D_0425,AASIST,within_group,282,282,50,232,22.206896551724135,0.4482758620689655,0.1,104,5
speaker,D_4356,AASIST3,within_group,466,466,50,416,22.177884615384613,0.2620192307692308,0.18,109,9
speaker,D_0323,AASIST3,within_group,426,426,50,376,22.170212765957444,0.14893617021276595,0.56,56,28
speaker,D_2371,AASIST3,within_group,386,386,50,336,22.160714285714285,0.22916666666666666,0.18,77,9
speaker,D_4874,AASIST,within_group,386,386,50,336,22.160714285714285,0.3958333333333333,0.02,133,1
speaker,D_0486,LFCC+LCNN,within_group,346,346,50,296,22.148648648648646,0.2195945945945946,0.22,65,11
speaker,D_3606,AASIST3,within_group,234,234,50,184,22.141304347826086,0.24456521739130435,0.18,45,9
speaker,D_4205,LFCC+LCNN,within_group,402,402,50,352,22.08522727272727,0.13920454545454544,0.28,49,14
speaker,D_2059,AASIST,within_group,402,402,50,352,22.079545454545453,0.35795454545454547,0.02,126,1
speaker,D_2629,AASIST-L,within_group,402,402,50,352,22.079545454545453,0.3664772727272727,0.08,129,4
speaker,D_4974,XLS-R+AASIST,within_group,434,434,50,384,22.06770833333333,0.015625,0.62,6,31
speaker,D_0182,AASIST3,within_group,144,144,8,136,22.058823529411764,0.3088235294117647,0.0,42,0
speaker,D_2519,AASIST3,within_group,426,426,50,376,22.037234042553187,0.2526595744680851,0.06,95,3
speaker,D_4377,AASIST,within_group,354,354,50,304,22.01973684210526,0.4243421052631579,0.0,129,0
speaker,D_0620,XLS-R+Nes2Net,within_group,386,386,50,336,22.01190476190476,0.002976190476190476,0.58,1,29
speaker,D_2419,AASIST,within_group,386,386,50,336,22.01190476190476,0.5,0.16,168,8
speaker,D_2073,AASIST3,within_group,418,418,50,368,22.005434782608695,0.20108695652173914,0.24,74,12
speaker,D_5367,AASIST3,within_group,250,250,50,200,21.999999999999996,0.24,0.3,48,15
speaker,D_2975,AASIST-L,within_group,410,410,50,360,21.97222222222222,0.45,0.0,162,0
speaker,D_4653,LFCC+LCNN,within_group,410,410,50,360,21.97222222222222,0.3194444444444444,0.0,115,0
speaker,D_2684,AASIST-L,within_group,426,426,50,376,21.904255319148934,0.42819148936170215,0.04,161,2
speaker,D_0985,LFCC+LCNN,within_group,394,394,50,344,21.901162790697672,0.19476744186046513,0.28,67,14
speaker,D_1756,AASIST3,within_group,394,394,50,344,21.901162790697672,0.05813953488372093,0.4,20,20
speaker,D_0383,LFCC+LCNN,within_group,330,330,50,280,21.892857142857142,0.21785714285714286,0.16,61,8
speaker,D_5153,LFCC+LCNN,within_group,346,346,50,296,21.81081081081081,0.14864864864864866,0.32,44,16
speaker,D_3206,AASIST-L,within_group,127,127,7,120,21.785714285714285,0.4666666666666667,0.2857142857142857,56,2
speaker,D_4384,LFCC+LCNN,within_group,426,426,50,376,21.77127659574468,0.36436170212765956,0.08,137,4
speaker,D_3518,AASIST,within_group,306,306,50,256,21.7421875,0.30859375,0.08,79,4
speaker,D_0537,AASIST,within_group,242,242,50,192,21.67708333333333,0.421875,0.02,81,1
speaker,D_4607,AASIST3,within_group,402,402,50,352,21.65340909090909,0.07386363636363637,0.54,26,27
speaker,D_4258,AASIST,within_group,142,142,14,128,21.651785714285715,0.390625,0.0,50,0
speaker,D_5329,AASIST,within_group,370,370,50,320,21.625,0.4,0.08,128,4
speaker,D_1667,LFCC+LCNN,within_group,466,466,50,416,21.576923076923077,0.28365384615384615,0.1,118,5
speaker,D_3501,LFCC+LCNN,within_group,434,434,50,384,21.546875,0.16145833333333334,0.24,62,12
speaker,D_0132,AASIST3,within_group,330,330,50,280,21.535714285714285,0.02857142857142857,0.66,8,33
speaker,D_1651,AASIST3,within_group,402,402,50,352,21.511363636363633,0.03977272727272727,0.78,14,39
speaker,D_2529,LFCC+LCNN,within_group,426,426,50,376,21.50531914893617,0.2393617021276596,0.16,90,8
speaker,D_3622,LFCC+LCNN,within_group,450,450,50,400,21.499999999999996,0.305,0.14,122,7
speaker,D_5397,AASIST,within_group,442,442,50,392,21.459183673469386,0.4923469387755102,0.06,193,3
speaker,D_3740,LFCC+LCNN,within_group,154,154,42,112,21.42857142857143,0.26785714285714285,0.16666666666666666,30,7
speaker,D_2095,AASIST3,within_group,314,314,50,264,21.416666666666668,0.23106060606060605,0.22,61,11
speaker,D_0835,AASIST-L,within_group,306,306,50,256,21.328124999999996,0.40234375,0.02,103,1
speaker,D_2929,AASIST3,within_group,458,458,50,408,21.294117647058822,0.056372549019607844,0.54,23,27
speaker,D_1165,AASIST3,within_group,118,118,6,112,21.279761904761905,0.125,0.6666666666666666,14,4
speaker,D_4010,LFCC+LCNN,within_group,402,402,50,352,21.08522727272727,0.2840909090909091,0.18,100,9
speaker,D_3309,AASIST-L,within_group,154,154,50,104,21.057692307692307,0.27884615384615385,0.14,29,7
speaker,D_0123,AASIST-L,within_group,160,160,8,152,21.052631578947366,0.28289473684210525,0.25,43,2
speaker,D_5076,LFCC+LCNN,within_group,426,426,50,376,21.037234042553187,0.24202127659574468,0.16,91,8
speaker,D_2670,LFCC+LCNN,within_group,93,93,21,72,20.932539682539687,0.16666666666666666,0.47619047619047616,12,10
speaker,D_5480,LFCC+LCNN,within_group,450,450,50,400,20.875,0.0275,0.76,11,38
speaker,D_3219,LFCC+LCNN,within_group,125,125,5,120,20.833333333333332,0.275,0.0,33,0
speaker,D_1250,LFCC+LCNN,within_group,100,100,4,96,20.833333333333332,0.10416666666666667,0.5,10,2
speaker,D_2095,LFCC+LCNN,within_group,314,314,50,264,20.795454545454543,0.03409090909090909,0.8,9,40
speaker,D_5112,LFCC+LCNN,within_group,282,282,50,232,20.775862068965516,0.19827586206896552,0.28,46,14
speaker,D_5248,AASIST-L,within_group,386,386,50,336,20.71428571428571,0.37797619047619047,0.14,127,7
speaker,D_4838,AASIST-L,within_group,134,134,30,104,20.576923076923077,0.3076923076923077,0.0,32,0
speaker,D_2684,LFCC+LCNN,within_group,426,426,50,376,20.574468085106382,0.3324468085106383,0.0,125,0
speaker,D_0590,LFCC+LCNN,within_group,410,410,50,360,20.555555555555554,0.24722222222222223,0.1,89,5
speaker,D_4974,XLS-R+Nes2Net,within_group,434,434,50,384,20.546874999999996,0.015625,0.38,6,19
speaker,D_2460,LFCC+LCNN,within_group,322,322,50,272,20.477941176470587,0.27205882352941174,0.08,74,4
speaker,D_1667,AASIST3,within_group,466,466,50,416,20.45673076923077,0.3605769230769231,0.0,150,0
speaker,D_1026,LFCC+LCNN,within_group,410,410,50,360,20.416666666666668,0.25555555555555554,0.08,92,4
speaker,D_2419,AASIST3,within_group,386,386,50,336,20.416666666666668,0.19047619047619047,0.2,64,10
speaker,D_5248,AASIST,within_group,386,386,50,336,20.416666666666668,0.37202380952380953,0.06,125,3
speaker,D_0368,LFCC+LCNN,within_group,362,362,50,312,20.416666666666668,0.2980769230769231,0.06,93,3
speaker,D_3679,LFCC+LCNN,within_group,290,290,50,240,20.416666666666668,0.24583333333333332,0.2,59,10
speaker,D_4865,AASIST3,within_group,402,402,50,352,20.36931818181818,0.09943181818181818,0.46,35,23
speaker,D_3175,AASIST3,within_group,354,354,50,304,20.361842105263158,0.39144736842105265,0.02,119,1
speaker,D_3545,LFCC+LCNN,within_group,306,306,50,256,20.351562499999996,0.3359375,0.0,86,0
speaker,D_5112,AASIST,within_group,282,282,50,232,20.344827586206893,0.47844827586206895,0.04,111,2
speaker,D_5329,AASIST-L,within_group,370,370,50,320,20.312499999999996,0.41875,0.08,134,4
speaker,D_5424,LFCC+LCNN,within_group,154,154,34,120,20.294117647058826,0.3416666666666667,0.058823529411764705,41,2
speaker,D_2266,AASIST3,within_group,474,474,50,424,20.25943396226415,0.1509433962264151,0.26,64,13
speaker,D_5462,AASIST3,within_group,426,426,50,376,20.239361702127656,0.05053191489361702,0.66,19,33
speaker,D_3964,AASIST3,within_group,402,402,50,352,20.227272727272727,0.3409090909090909,0.06,120,3
speaker,D_1948,LFCC+LCNN,within_group,354,354,50,304,20.19736842105263,0.22697368421052633,0.14,69,7
speaker,D_3378,AASIST3,within_group,330,330,50,280,20.178571428571427,0.20357142857142857,0.2,57,10
speaker,D_4470,AASIST3,within_group,330,330,50,280,20.178571428571427,0.11071428571428571,0.42,31,21
speaker,D_0755,AASIST3,within_group,434,434,50,384,20.156249999999996,0.328125,0.06,126,3
speaker,D_5388,AASIST-L,within_group,370,370,50,320,20.156249999999996,0.45625,0.08,146,4
speaker,D_0004,LFCC+LCNN,within_group,242,242,50,192,20.156249999999996,0.16666666666666666,0.24,32,12
speaker,D_0293,AASIST3,within_group,346,346,50,296,20.135135135135133,0.033783783783783786,0.82,10,41
speaker,D_2621,LFCC+LCNN,within_group,450,450,50,400,20.125,0.2375,0.1,95,5
speaker,D_1637,AASIST-L,within_group,322,322,50,272,20.110294117647058,0.4117647058823529,0.06,112,3
speaker,D_2415,AASIST3,within_group,402,402,50,352,20.08522727272727,0.34375,0.1,121,5
speaker,D_4844,AASIST3,within_group,378,378,50,328,20.060975609756095,0.20426829268292682,0.18,67,9
speaker,D_0062,AASIST3,within_group,314,314,50,264,20.037878787878785,0.3333333333333333,0.02,88,1
speaker,D_2357,LFCC+LCNN,within_group,314,314,50,264,20.037878787878785,0.3106060606060606,0.08,82,4
speaker,D_5113,LFCC+LCNN,within_group,354,354,50,304,20.032894736842106,0.3355263157894737,0.04,102,2
speaker,D_5204,LFCC+LCNN,within_group,394,394,50,344,20.02906976744186,0.26453488372093026,0.14,91,7
speaker,D_5157,LFCC+LCNN,within_group,474,474,50,424,20.023584905660375,0.27122641509433965,0.06,115,3
speaker,D_4276,AASIST3,within_group,450,450,50,400,20.0,0.2875,0.14,115,7
speaker,D_4448,AASIST3,within_group,330,330,50,280,20.0,0.09285714285714286,0.64,26,32
speaker,D_3644,AASIST,within_group,155,155,35,120,20.0,0.475,0.02857142857142857,57,1
speaker,D_3781,AASIST3,within_group,426,426,50,376,19.973404255319146,0.047872340425531915,0.64,18,32
speaker,D_3983,LFCC+LCNN,within_group,426,426,50,376,19.973404255319146,0.23404255319148937,0.18,88,9
speaker,D_0906,LFCC+LCNN,within_group,346,346,50,296,19.966216216216214,0.28040540540540543,0.1,83,5
speaker,D_1651,LFCC+LCNN,within_group,402,402,50,352,19.943181818181817,0.23579545454545456,0.08,83,4
speaker,D_3964,AASIST-L,within_group,402,402,50,352,19.943181818181817,0.5255681818181818,0.02,185,1
speaker,D_3798,LFCC+LCNN,within_group,362,362,50,312,19.93589743589743,0.11538461538461539,0.36,36,18
speaker,D_3772,LFCC+LCNN,within_group,418,418,50,368,19.918478260869563,0.25271739130434784,0.06,93,3
speaker,D_0755,LFCC+LCNN,within_group,434,434,50,384,19.89583333333333,0.2682291666666667,0.08,103,4
speaker,D_3697,LFCC+LCNN,within_group,242,242,50,192,19.89583333333333,0.24479166666666666,0.2,47,10
speaker,D_5102,AASIST3,within_group,394,394,50,344,19.883720930232556,0.30523255813953487,0.02,105,1
speaker,D_3014,LFCC+LCNN,within_group,298,298,50,248,19.879032258064512,0.25,0.18,62,9
speaker,D_0146,XLS-R+AASIST,within_group,110,110,6,104,19.871794871794872,0.009615384615384616,1.0,1,6
speaker,D_3609,LFCC+LCNN,within_group,258,258,50,208,19.855769230769226,0.2932692307692308,0.08,61,4
speaker,D_5174,AASIST-L,within_group,370,370,50,320,19.84375,0.528125,0.0,169,0
speaker,D_0324,AASIST3,within_group,274,274,50,224,19.82142857142857,0.2767857142857143,0.08,62,4
speaker,D_0921,AASIST-L,within_group,117,117,5,112,19.82142857142857,0.3125,0.0,35,0
speaker,D_0301,LFCC+LCNN,within_group,402,402,50,352,19.801136363636363,0.2840909090909091,0.04,100,2
speaker,D_3990,LFCC+LCNN,within_group,402,402,50,352,19.801136363636363,0.23011363636363635,0.18,81,9
speaker,D_4957,AASIST3,within_group,378,378,50,328,19.756097560975608,0.036585365853658534,0.56,12,28
speaker,D_0568,LFCC+LCNN,within_group,137,137,33,104,19.740675990675992,0.16346153846153846,0.2727272727272727,17,9
speaker,D_0913,AASIST3,within_group,394,394,50,344,19.738372093023255,0.11918604651162791,0.38,41,19
speaker,D_1445,AASIST-L,within_group,394,394,50,344,19.738372093023255,0.5261627906976745,0.0,181,0
speaker,D_4224,LFCC+LCNN,within_group,466,466,50,416,19.73557692307692,0.2932692307692308,0.12,122,6
speaker,D_3732,AASIST,within_group,338,338,50,288,19.722222222222218,0.4444444444444444,0.0,128,0
speaker,D_2218,LFCC+LCNN,within_group,266,266,50,216,19.722222222222218,0.25925925925925924,0.14,56,7
speaker,D_4825,AASIST-L,within_group,266,266,50,216,19.722222222222218,0.2824074074074074,0.06,61,3
speaker,D_0430,AASIST3,within_group,426,426,50,376,19.707446808510635,0.047872340425531915,0.7,18,35
speaker,D_4160,AASIST3,within_group,354,354,50,304,19.703947368421048,0.13815789473684212,0.32,42,16
speaker,D_5308,LFCC+LCNN,within_group,94,94,6,88,19.696969696969695,0.25,0.0,22,0
speaker,D_1125,LFCC+LCNN,within_group,149,149,21,128,19.680059523809522,0.1171875,0.47619047619047616,15,10
speaker,D_4320,LFCC+LCNN,within_group,386,386,50,336,19.672619047619044,0.20833333333333334,0.16,70,8
speaker,D_3990,AASIST3,within_group,402,402,50,352,19.664772727272727,0.19318181818181818,0.22,68,11
speaker,D_4607,LFCC+LCNN,within_group,402,402,50,352,19.659090909090907,0.29829545454545453,0.04,105,2
speaker,D_5143,AASIST3,within_group,402,402,50,352,19.659090909090907,0.26704545454545453,0.14,94,7
speaker,D_0802,LFCC+LCNN,within_group,418,418,50,368,19.64673913043478,0.28532608695652173,0.06,105,3
speaker,D_2206,AASIST,within_group,418,418,50,368,19.64673913043478,0.421195652173913,0.02,155,1
speaker,D_0962,AASIST3,within_group,434,434,50,384,19.635416666666668,0.11458333333333333,0.4,44,20
speaker,D_2016,LFCC+LCNN,within_group,378,378,50,328,19.603658536585364,0.24695121951219512,0.12,81,6
speaker,D_4844,LFCC+LCNN,within_group,378,378,50,328,19.603658536585364,0.10365853658536585,0.34,34,17
speaker,D_0488,AASIST-L,within_group,498,498,50,448,19.59821428571428,0.40625,0.08,182,4
speaker,D_4029,LFCC+LCNN,within_group,386,386,50,336,19.523809523809522,0.31547619047619047,0.1,106,5
speaker,D_1165,AASIST,within_group,118,118,6,112,19.494047619047617,0.38392857142857145,0.0,43,0
speaker,D_4236,LFCC+LCNN,within_group,410,410,50,360,19.444444444444443,0.2972222222222222,0.1,107,5
speaker,D_2919,LFCC+LCNN,within_group,450,450,50,400,19.374999999999996,0.2575,0.18,103,9
speaker,D_4237,AASIST3,within_group,226,226,50,176,19.374999999999996,0.14772727272727273,0.28,26,14
speaker,D_1589,AASIST-L,within_group,143,143,15,128,19.374999999999996,0.390625,0.06666666666666667,50,1
speaker,D_0604,LFCC+LCNN,within_group,346,346,50,296,19.290540540540537,0.20270270270270271,0.14,60,7
speaker,D_2670,AASIST3,within_group,93,93,21,72,19.246031746031743,0.3611111111111111,0.047619047619047616,26,1
speaker,D_4269,LFCC+LCNN,within_group,442,442,50,392,19.183673469387752,0.3392857142857143,0.02,133,1
speaker,D_3644,AASIST3,within_group,155,155,35,120,19.166666666666664,0.15,0.22857142857142856,18,8
speaker,D_2245,AASIST3,within_group,132,132,4,128,19.140625,0.15625,0.0,20,0
speaker,D_3964,AASIST,within_group,402,402,50,352,19.09090909090909,0.5142045454545454,0.14,181,7
speaker,D_1461,LFCC+LCNN,within_group,298,298,50,248,19.080645161290324,0.3588709677419355,0.0,89,0
speaker,D_4676,LFCC+LCNN,within_group,378,378,50,328,18.99390243902439,0.2073170731707317,0.2,68,10
speaker,D_4951,LFCC+LCNN,within_group,266,266,50,216,18.953703703703706,0.21296296296296297,0.18,46,9
speaker,D_0978,LFCC+LCNN,within_group,442,442,50,392,18.948979591836736,0.21683673469387754,0.14,85,7
speaker,D_4108,AASIST3,within_group,177,177,41,136,18.947274031563843,0.27205882352941174,0.024390243902439025,37,1
speaker,D_4108,AASIST-L,within_group,177,177,41,136,18.947274031563843,0.5588235294117647,0.04878048780487805,76,2
speaker,D_3576,AASIST,within_group,322,322,50,272,18.926470588235293,0.29411764705882354,0.1,80,5
speaker,D_4081,LFCC+LCNN,within_group,410,410,50,360,18.86111111111111,0.25555555555555554,0.08,92,4
speaker,D_5290,LFCC+LCNN,within_group,386,386,50,336,18.821428571428573,0.20833333333333334,0.12,70,6
speaker,D_3561,AASIST3,within_group,187,187,43,144,18.7984496124031,0.034722222222222224,0.5116279069767442,5,22
speaker,D_4461,LFCC+LCNN,within_group,124,124,4,120,18.75,0.11666666666666667,0.25,14,1
speaker,D_2111,AASIST-L,within_group,120,120,8,112,18.75,0.48214285714285715,0.0,54,0
speaker,D_1319,LFCC+LCNN,within_group,113,113,1,112,18.75,0.3125,1.0,35,1
speaker,D_0323,LFCC+LCNN,within_group,426,426,50,376,18.707446808510642,0.2712765957446808,0.08,102,4
speaker,D_0487,AASIST-L,within_group,362,362,50,312,18.615384615384617,0.3717948717948718,0.08,116,4
speaker,D_1165,LFCC+LCNN,within_group,118,118,6,112,18.601190476190474,0.23214285714285715,0.0,26,0
speaker,D_1165,AASIST-L,within_group,118,118,6,112,18.601190476190474,0.4017857142857143,0.0,45,0
speaker,D_4173,LFCC+LCNN,within_group,394,394,50,344,18.593023255813957,0.2703488372093023,0.12,93,6
speaker,D_0062,LFCC+LCNN,within_group,314,314,50,264,18.469696969696972,0.36363636363636365,0.0,96,0
speaker,D_3740,AASIST3,within_group,154,154,42,112,18.452380952380953,0.32142857142857145,0.09523809523809523,36,4
speaker,D_4767,AASIST3,within_group,442,442,50,392,18.438775510204085,0.1377551020408163,0.26,54,13
speaker,D_3668,AASIST3,within_group,450,450,50,400,18.375000000000004,0.0375,0.5,15,25
speaker,D_4861,LFCC+LCNN,within_group,386,386,50,336,18.375000000000004,0.28273809523809523,0.04,95,2
speaker,D_5113,AASIST3,within_group,354,354,50,304,18.375000000000004,0.2565789473684211,0.1,78,5
speaker,D_0537,LFCC+LCNN,within_group,242,242,50,192,18.375000000000004,0.21354166666666666,0.14,41,7
speaker,D_1807,AASIST3,within_group,458,458,50,408,18.31372549019608,0.23774509803921567,0.08,97,4
speaker,D_3953,LFCC+LCNN,within_group,458,458,50,408,18.31372549019608,0.19852941176470587,0.16,81,8
speaker,D_2975,AASIST,within_group,410,410,50,360,18.305555555555557,0.4638888888888889,0.0,167,0
speaker,D_3602,LFCC+LCNN,within_group,346,346,50,296,18.290540540540544,0.19932432432432431,0.16,59,8
speaker,D_1215,AASIST,within_group,182,182,6,176,18.27651515151515,0.23295454545454544,0.0,41,0
speaker,D_3003,AASIST3,within_group,298,298,50,248,18.2741935483871,0.1774193548387097,0.26,44,13
speaker,D_3171,AASIST,within_group,153,153,49,104,18.259419152276294,0.28846153846153844,0.12244897959183673,30,6
speaker,D_2206,AASIST-L,within_group,418,418,50,368,18.23913043478261,0.36684782608695654,0.08,135,4
speaker,D_2721,LFCC+LCNN,within_group,442,442,50,392,18.183673469387756,0.37244897959183676,0.04,146,2
speaker,D_5292,AASIST3,within_group,306,306,50,256,18.179687500000004,0.15234375,0.24,39,12
speaker,D_3337,LFCC+LCNN,within_group,426,426,50,376,18.175531914893618,0.25,0.06,94,3
speaker,D_3679,AASIST3,within_group,290,290,50,240,18.16666666666667,0.06666666666666667,0.38,16,19
speaker,D_4023,LFCC+LCNN,within_group,378,378,50,328,18.146341463414636,0.19207317073170732,0.16,63,8
speaker,D_0604,AASIST3,within_group,346,346,50,296,18.121621621621625,0.32094594594594594,0.0,95,0
speaker,D_2206,LFCC+LCNN,within_group,418,418,50,368,18.10326086956522,0.22554347826086957,0.1,83,5
speaker,D_4721,AASIST3,within_group,402,402,50,352,18.090909090909093,0.07670454545454546,0.38,27,19
speaker,D_0620,XLS-R+AASIST,within_group,386,386,50,336,18.077380952380956,0.026785714285714284,0.4,9,20
speaker,D_5165,LFCC+LCNN,within_group,370,370,50,320,18.062500000000004,0.18125,0.18,58,9
speaker,D_5388,AASIST3,within_group,370,370,50,320,18.062500000000004,0.240625,0.04,77,2
speaker,D_0903,LFCC+LCNN,within_group,450,450,50,400,18.000000000000004,0.14,0.22,56,11
speaker,D_5457,LFCC+LCNN,within_group,306,306,50,256,17.984375000000004,0.2890625,0.02,74,1
speaker,D_3890,AASIST,within_group,362,362,50,312,17.974358974358978,0.33974358974358976,0.0,106,0
speaker,D_0976,LFCC+LCNN,within_group,418,418,50,368,17.967391304347828,0.13043478260869565,0.28,48,14
speaker,D_5283,LFCC+LCNN,within_group,418,418,50,368,17.967391304347828,0.20923913043478262,0.12,77,6
speaker,D_3933,AASIST3,within_group,290,290,50,240,17.958333333333336,0.2791666666666667,0.04,67,2
speaker,D_0604,XLS-R+AASIST,within_group,346,346,50,296,17.952702702702705,0.02702702702702703,0.42,8,21
speaker,D_5397,LFCC+LCNN,within_group,442,442,50,392,17.928571428571434,0.27040816326530615,0.04,106,2
speaker,D_4874,LFCC+LCNN,within_group,386,386,50,336,17.928571428571434,0.3630952380952381,0.0,122,0
speaker,D_4874,AASIST-L,within_group,386,386,50,336,17.928571428571434,0.3869047619047619,0.02,130,1
speaker,D_1153,LFCC+LCNN,within_group,274,274,50,224,17.928571428571434,0.23660714285714285,0.06,53,3
speaker,D_1483,AASIST3,within_group,394,394,50,344,17.866279069767444,0.32558139534883723,0.0,112,0
speaker,D_1333,LFCC+LCNN,within_group,378,378,50,328,17.84146341463415,0.14939024390243902,0.28,49,14
speaker,D_1612,AASIST3,within_group,282,282,50,232,17.836206896551726,0.3232758620689655,0.0,75,0
speaker,D_3437,AASIST3,within_group,402,402,50,352,17.806818181818183,0.1903409090909091,0.08,67,4
speaker,D_4825,AASIST,within_group,266,266,50,216,17.796296296296298,0.3194444444444444,0.08,69,4
speaker,D_1432,AASIST,within_group,306,306,50,256,17.789062500000004,0.33203125,0.02,85,1
speaker,D_3602,AASIST,within_group,346,346,50,296,17.783783783783786,0.36486486486486486,0.02,108,1
speaker,D_4870,AASIST3,within_group,410,410,50,360,17.750000000000004,0.016666666666666666,0.52,6,26
speaker,D_0568,AASIST3,within_group,137,137,33,104,17.744755244755243,0.22115384615384615,0.09090909090909091,23,3
speaker,D_2275,AASIST3,within_group,146,146,18,128,17.708333333333332,0.2890625,0.0,37,0
speaker,D_1725,AASIST,within_group,124,124,12,112,17.708333333333332,0.3392857142857143,0.08333333333333333,38,1
speaker,D_5167,LFCC+LCNN,within_group,108,108,12,96,17.708333333333332,0.1875,0.25,18,3
speaker,D_1807,LFCC+LCNN,within_group,458,458,50,408,17.700980392156865,0.19852941176470587,0.1,81,5
speaker,D_5076,AASIST3,within_group,426,426,50,376,17.643617021276597,0.05585106382978723,0.7,21,35
speaker,D_0425,AASIST3,within_group,282,282,50,232,17.620689655172416,0.10344827586206896,0.2,24,10
speaker,D_2089,AASIST3,within_group,370,370,50,320,17.593750000000004,0.20625,0.08,66,4
speaker,D_3378,LFCC+LCNN,within_group,330,330,50,280,17.571428571428573,0.25357142857142856,0.02,71,1
speaker,D_5474,AASIST3,within_group,330,330,50,280,17.571428571428573,0.11071428571428571,0.4,31,20
speaker,D_3457,AASIST,within_group,466,466,50,416,17.53365384615385,0.4206730769230769,0.04,175,2
speaker,D_1039,AASIST3,within_group,402,402,50,352,17.522727272727273,0.26420454545454547,0.1,93,5
speaker,D_3964,LFCC+LCNN,within_group,402,402,50,352,17.522727272727273,0.2585227272727273,0.0,91,0
speaker,D_4057,AASIST3,within_group,450,450,50,400,17.500000000000004,0.12,0.2,48,10
speaker,D_0496,LFCC+LCNN,within_group,482,482,50,432,17.490740740740744,0.1087962962962963,0.34,47,17
speaker,D_1215,AASIST-L,within_group,182,182,6,176,17.424242424242422,0.25,0.0,44,0
speaker,D_4932,AASIST-L,within_group,418,418,50,368,17.42391304347826,0.34782608695652173,0.02,128,1
speaker,D_4767,LFCC+LCNN,within_group,442,442,50,392,17.41836734693878,0.2755102040816326,0.06,108,3
speaker,D_4974,AASIST3,within_group,434,434,50,384,17.333333333333336,0.15104166666666666,0.18,58,9
speaker,D_0296,LFCC+LCNN,within_group,362,362,50,312,17.294871794871796,0.1346153846153846,0.26,42,13
speaker,D_2089,LFCC+LCNN,within_group,370,370,50,320,17.281250000000004,0.271875,0.06,87,3
speaker,D_1637,AASIST,within_group,322,322,50,272,17.272058823529413,0.33455882352941174,0.0,91,0
speaker,D_1445,LFCC+LCNN,within_group,394,394,50,344,17.139534883720934,0.25,0.1,86,5
speaker,D_2751,LFCC+LCNN,within_group,394,394,50,344,17.139534883720934,0.29651162790697677,0.04,102,2
speaker,D_5329,LFCC+LCNN,within_group,370,370,50,320,17.062500000000004,0.3375,0.0,108,0
speaker,D_1896,LFCC+LCNN,within_group,135,135,47,88,17.033365570599614,0.3181818181818182,0.02127659574468085,28,1
speaker,D_0819,AASIST-L,within_group,410,410,50,360,17.027777777777782,0.4083333333333333,0.0,147,0
speaker,D_3772,AASIST3,within_group,418,418,50,368,17.01630434782609,0.2418478260869565,0.0,89,0
speaker,D_4108,LFCC+LCNN,within_group,177,177,41,136,16.99246771879484,0.25,0.0,34,0
speaker,D_2141,AASIST3,within_group,290,290,50,240,16.958333333333336,0.3125,0.04,75,2
speaker,D_2292,AASIST,within_group,153,153,17,136,16.911764705882355,0.375,0.0,51,0
speaker,D_1468,AASIST-L,within_group,107,107,11,96,16.90340909090909,0.4375,0.0,42,0
speaker,D_1102,LFCC+LCNN,within_group,133,133,13,120,16.85897435897436,0.36666666666666664,0.0,44,0
speaker,D_1261,AASIST3,within_group,338,338,50,288,16.812500000000004,0.2013888888888889,0.18,58,9
speaker,D_0921,AASIST,within_group,117,117,5,112,16.69642857142857,0.29464285714285715,0.0,33,0
speaker,D_4831,AASIST3,within_group,104,104,24,80,16.666666666666668,0.175,0.041666666666666664,14,1
speaker,D_1589,AASIST,within_group,143,143,15,128,16.640624999999996,0.421875,0.0,54,0
speaker,D_5035,AASIST3,within_group,151,151,7,144,16.517857142857146,0.16666666666666666,0.2857142857142857,24,2
speaker,D_0146,XLS-R+Nes2Net,within_group,110,110,6,104,16.506410256410252,0.0,0.6666666666666666,0,4
speaker,D_4811,AASIST3,within_group,157,157,45,112,16.478174603174605,0.38392857142857145,0.0,43,0
speaker,D_0106,AASIST3,within_group,410,410,50,360,16.472222222222225,0.08611111111111111,0.26,31,13
speaker,D_1739,LFCC+LCNN,within_group,410,410,50,360,16.472222222222225,0.2388888888888889,0.1,86,5
speaker,D_0177,AASIST3,within_group,434,434,50,384,16.46354166666667,0.09375,0.3,36,15
speaker,D_1458,LFCC+LCNN,within_group,434,434,50,384,16.46354166666667,0.23697916666666666,0.06,91,3
speaker,D_3497,LFCC+LCNN,within_group,434,434,50,384,16.46354166666667,0.19270833333333334,0.12,74,6
speaker,D_1589,AASIST3,within_group,143,143,15,128,16.432291666666664,0.203125,0.06666666666666667,26,1
speaker,D_4932,AASIST3,within_group,418,418,50,368,16.42391304347826,0.2608695652173913,0.04,96,2
speaker,D_4006,LFCC+LCNN,within_group,450,450,50,400,16.375,0.31,0.0,124,0
speaker,D_0956,LFCC+LCNN,within_group,474,474,50,424,16.372641509433965,0.2971698113207547,0.0,126,0
speaker,D_3473,LFCC+LCNN,within_group,474,474,50,424,16.372641509433965,0.3632075471698113,0.04,154,2
speaker,D_0004,AASIST3,within_group,242,242,50,192,16.333333333333332,0.19270833333333334,0.12,37,6
speaker,D_4737,LFCC+LCNN,within_group,242,242,50,192,16.333333333333332,0.3125,0.02,60,1
speaker,D_3014,AASIST,within_group,298,298,50,248,16.266129032258064,0.3225806451612903,0.02,80,1
speaker,D_0729,AASIST3,within_group,434,434,50,384,16.203125,0.2526041666666667,0.02,97,1
speaker,D_2657,AASIST3,within_group,410,410,50,360,16.194444444444443,0.1638888888888889,0.16,59,8
speaker,D_4593,AASIST3,within_group,155,155,43,112,16.17524916943521,0.0625,0.3953488372093023,7,17
speaker,D_0375,AASIST,within_group,258,258,50,208,16.173076923076923,0.32211538461538464,0.06,67,3
speaker,D_4269,AASIST3,within_group,442,442,50,392,16.163265306122447,0.2729591836734694,0.0,107,0
speaker,D_1741,AASIST3,within_group,418,418,50,368,16.15217391304348,0.09782608695652174,0.28,36,14
speaker,D_1250,AASIST-L,within_group,100,100,4,96,16.145833333333336,0.4166666666666667,0.25,40,1
speaker,D_2092,LFCC+LCNN,within_group,314,314,50,264,16.143939393939394,0.14015151515151514,0.28,37,14
speaker,D_1445,AASIST,within_group,394,394,50,344,16.139534883720934,0.42151162790697677,0.0,145,0
speaker,D_3561,AASIST,within_group,187,187,43,144,16.125645994832038,0.4722222222222222,0.023255813953488372,68,1
speaker,D_3561,AASIST-L,within_group,187,187,43,144,16.125645994832038,0.5,0.0,72,0
speaker,D_0059,LFCC+LCNN,within_group,426,426,50,376,16.111702127659576,0.3484042553191489,0.0,131,0
speaker,D_2519,LFCC+LCNN,within_group,426,426,50,376,16.111702127659576,0.09574468085106383,0.3,36,15
speaker,D_5214,AASIST3,within_group,426,426,50,376,16.111702127659576,0.09308510638297872,0.54,35,27
speaker,D_3602,AASIST3,within_group,346,346,50,296,16.10810810810811,0.24662162162162163,0.0,73,0
speaker,D_3576,LFCC+LCNN,within_group,322,322,50,272,16.08823529411765,0.15808823529411764,0.16,43,8
speaker,D_3576,AASIST3,within_group,322,322,50,272,16.08823529411765,0.24632352941176472,0.04,67,2
speaker,D_0152,AASIST3,within_group,378,378,50,328,16.07926829268293,0.4176829268292683,0.0,137,0
speaker,D_4116,AASIST,within_group,119,119,7,112,16.071428571428577,0.3125,0.0,35,0
speaker,D_3014,AASIST-L,within_group,298,298,50,248,16.064516129032256,0.38306451612903225,0.02,95,1
speaker,D_2975,LFCC+LCNN,within_group,410,410,50,360,16.055555555555557,0.11944444444444445,0.36,43,18
speaker,D_2975,AASIST3,within_group,410,410,50,360,16.055555555555557,0.21944444444444444,0.08,79,4
speaker,D_4054,AASIST3,within_group,466,466,50,416,16.052884615384617,0.25961538461538464,0.0,108,0
speaker,D_4029,AASIST3,within_group,386,386,50,336,16.035714285714285,0.19642857142857142,0.14,66,7
speaker,D_4470,LFCC+LCNN,within_group,330,330,50,280,16.035714285714285,0.16071428571428573,0.14,45,7
speaker,D_0354,AASIST3,within_group,135,135,39,96,16.025641025641026,0.1875,0.15384615384615385,18,6
speaker,D_2050,AASIST3,within_group,474,474,50,424,16.0188679245283,0.19811320754716982,0.1,84,5
speaker,D_0546,AASIST3,within_group,418,418,50,368,16.01630434782609,0.08695652173913043,0.28,32,14
speaker,D_3545,AASIST3,within_group,306,306,50,256,16.0078125,0.125,0.32,32,16
speaker,D_5292,AASIST-L,within_group,306,306,50,256,16.0078125,0.421875,0.04,108,2
speaker,D_1215,LFCC+LCNN,within_group,182,182,6,176,16.00378787878788,0.23863636363636365,0.0,42,0
speaker,D_1215,AASIST3,within_group,182,182,6,176,16.00378787878788,0.21022727272727273,0.0,37,0
speaker,D_0496,AASIST-L,within_group,482,482,50,432,15.986111111111112,0.4351851851851852,0.02,188,1
speaker,D_5462,LFCC+LCNN,within_group,426,426,50,376,15.978723404255321,0.21808510638297873,0.12,82,6
speaker,D_3437,LFCC+LCNN,within_group,402,402,50,352,15.954545454545455,0.26420454545454547,0.02,93,1
speaker,D_4010,AASIST3,within_group,402,402,50,352,15.954545454545455,0.07102272727272728,0.5,25,25
speaker,D_0729,LFCC+LCNN,within_group,434,434,50,384,15.942708333333332,0.203125,0.02,78,1
speaker,D_5274,LFCC+LCNN,within_group,410,410,50,360,15.916666666666668,0.15833333333333333,0.16,57,8
speaker,D_1303,AASIST3,within_group,154,154,26,128,15.895432692307693,0.1796875,0.15384615384615385,23,4
speaker,D_1729,AASIST3,within_group,418,418,50,368,15.880434782608699,0.20652173913043478,0.1,76,5
speaker,D_5480,AASIST3,within_group,450,450,50,400,15.875,0.13,0.18,52,9
speaker,D_2396,AASIST3,within_group,266,266,50,216,15.870370370370374,0.1388888888888889,0.18,30,9
speaker,D_4951,AASIST3,within_group,266,266,50,216,15.870370370370374,0.14351851851851852,0.16,31,8
speaker,D_4205,AASIST3,within_group,402,402,50,352,15.812500000000002,0.22727272727272727,0.08,80,4
speaker,D_4607,AASIST-L,within_group,402,402,50,352,15.812500000000002,0.4914772727272727,0.0,173,0
speaker,D_0835,LFCC+LCNN,within_group,306,306,50,256,15.812500000000002,0.12890625,0.16,33,8
speaker,D_0637,AASIST3,within_group,410,410,50,360,15.777777777777779,0.19166666666666668,0.04,69,2
speaker,D_4957,LFCC+LCNN,within_group,378,378,50,328,15.774390243902442,0.3048780487804878,0.02,100,1
speaker,D_3504,LFCC+LCNN,within_group,418,418,50,368,15.744565217391305,0.27445652173913043,0.0,101,0
speaker,D_5355,AASIST,within_group,142,142,14,128,15.736607142857146,0.46875,0.0,60,0
speaker,D_0090,AASIST3,within_group,370,370,50,320,15.656250000000002,0.1875,0.1,60,5
speaker,D_2991,AASIST3,within_group,410,410,50,360,15.638888888888891,0.275,0.08,99,4
speaker,D_3425,AASIST3,within_group,266,266,50,216,15.638888888888891,0.06481481481481481,0.34,14,17
speaker,D_3622,AASIST3,within_group,450,450,50,400,15.625,0.2,0.1,80,5
speaker,D_1725,AASIST-L,within_group,124,124,12,112,15.476190476190474,0.4107142857142857,0.08333333333333333,46,1
speaker,D_3609,AASIST3,within_group,258,258,50,208,15.45192307692308,0.3894230769230769,0.0,81,0
speaker,D_2292,LFCC+LCNN,within_group,153,153,17,136,15.441176470588236,0.3014705882352941,0.0,41,0
speaker,D_3132,AASIST3,within_group,394,394,50,344,15.412790697674422,0.11046511627906977,0.2,38,10
speaker,D_3927,LFCC+LCNN,within_group,314,314,50,264,15.386363636363637,0.24621212121212122,0.02,65,1
speaker,D_3890,AASIST-L,within_group,362,362,50,312,15.371794871794876,0.3269230769230769,0.02,102,1
speaker,D_0921,AASIST3,within_group,117,117,5,112,15.357142857142856,0.05357142857142857,0.4,6,2
speaker,D_4888,LFCC+LCNN,within_group,418,418,50,368,15.33695652173913,0.22826086956521738,0.08,84,4
speaker,D_5436,AASIST3,within_group,168,168,40,128,15.312500000000002,0.09375,0.15,12,6
speaker,D_1483,LFCC+LCNN,within_group,394,394,50,344,15.26744186046512,0.18604651162790697,0.08,64,4
speaker,D_5347,LFCC+LCNN,within_group,298,298,50,248,15.258064516129032,0.16532258064516128,0.12,41,6
speaker,D_1444,LFCC+LCNN,within_group,402,402,50,352,15.250000000000002,0.20738636363636365,0.02,73,1
speaker,D_4674,LFCC+LCNN,within_group,402,402,50,352,15.250000000000002,0.15056818181818182,0.0,53,0
speaker,D_0461,LFCC+LCNN,within_group,458,458,50,408,15.230392156862749,0.2916666666666667,0.0,119,0
speaker,D_2876,AASIST3,within_group,136,136,24,112,15.17857142857143,0.07142857142857142,0.5416666666666666,8,13
speaker,D_0123,AASIST,within_group,160,160,8,152,15.131578947368421,0.3026315789473684,0.125,46,1
speaker,D_3473,AASIST3,within_group,474,474,50,424,15.075471698113208,0.23820754716981132,0.02,101,1
speaker,D_4485,AASIST3,within_group,250,250,50,200,15.000000000000002,0.28,0.0,56,0
speaker,D_5355,AASIST-L,within_group,142,142,14,128,14.955357142857146,0.359375,0.0,46,0
speaker,D_2736,LFCC+LCNN,within_group,330,330,50,280,14.857142857142858,0.325,0.0,91,0
speaker,D_0400,LFCC+LCNN,within_group,410,410,50,360,14.805555555555555,0.2,0.0,72,0
speaker,D_1739,AASIST3,within_group,410,410,50,360,14.805555555555555,0.2388888888888889,0.08,86,4
speaker,D_5474,LFCC+LCNN,within_group,330,330,50,280,14.785714285714285,0.2357142857142857,0.08,66,4
speaker,D_0164,AASIST3,within_group,410,410,50,360,14.63888888888889,0.19722222222222222,0.02,71,1
speaker,D_2275,LFCC+LCNN,within_group,146,146,18,128,14.583333333333332,0.328125,0.0,42,0
speaker,D_5167,AASIST,within_group,108,108,12,96,14.583333333333332,0.3854166666666667,0.16666666666666666,37,2
speaker,D_1327,LFCC+LCNN,within_group,386,386,50,336,14.547619047619047,0.16964285714285715,0.04,57,2
speaker,D_3593,LFCC+LCNN,within_group,418,418,50,368,14.521739130434785,0.22010869565217392,0.02,81,1
speaker,D_2740,LFCC+LCNN,within_group,450,450,50,400,14.500000000000002,0.285,0.08,114,4
speaker,D_3063,LFCC+LCNN,within_group,410,410,50,360,14.500000000000002,0.2361111111111111,0.02,85,1
speaker,D_1161,AASIST3,within_group,109,109,13,96,14.463141025641024,0.3020833333333333,0.07692307692307693,29,1
speaker,D_3361,AASIST3,within_group,386,386,50,336,14.440476190476193,0.06547619047619048,0.32,22,16
speaker,D_5035,AASIST,within_group,151,151,7,144,14.434523809523814,0.3888888888888889,0.14285714285714285,56,1
speaker,D_2947,LFCC+LCNN,within_group,346,346,50,296,14.432432432432435,0.22297297297297297,0.1,66,5
speaker,D_0293,LFCC+LCNN,within_group,346,346,50,296,14.418918918918921,0.21283783783783783,0.04,63,2
speaker,D_0819,AASIST,within_group,410,410,50,360,14.361111111111114,0.38333333333333336,0.02,138,1
speaker,D_2460,AASIST3,within_group,322,322,50,272,14.35294117647059,0.3125,0.04,85,2
speaker,D_5283,AASIST3,within_group,418,418,50,368,14.33695652173913,0.23097826086956522,0.0,85,0
speaker,D_5248,AASIST3,within_group,386,386,50,336,14.29166666666667,0.11904761904761904,0.18,40,9
speaker,D_0314,XLS-R+AASIST,within_group,346,346,50,296,14.263513513513516,0.04054054054054054,0.68,12,34
speaker,D_0756,LFCC+LCNN,within_group,306,306,50,256,14.250000000000002,0.1796875,0.0,46,0
speaker,D_4627,LFCC+LCNN,within_group,218,218,50,168,14.250000000000002,0.2619047619047619,0.0,44,0
speaker,D_4069,LFCC+LCNN,within_group,362,362,50,312,14.211538461538462,0.375,0.0,117,0
speaker,D_0375,AASIST-L,within_group,258,258,50,208,14.211538461538462,0.2932692307692308,0.04,61,2
speaker,D_2913,LFCC+LCNN,within_group,386,386,50,336,14.142857142857142,0.27976190476190477,0.04,94,2
speaker,D_5290,AASIST3,within_group,386,386,50,336,14.142857142857142,0.125,0.14,42,7
speaker,D_4619,AASIST3,within_group,394,394,50,344,14.122093023255816,0.22965116279069767,0.02,79,1
speaker,D_0461,AASIST3,within_group,458,458,50,408,14.107843137254902,0.19852941176470587,0.08,81,4
speaker,D_0164,LFCC+LCNN,within_group,410,410,50,360,14.083333333333334,0.19166666666666668,0.14,69,7
speaker,D_1708,AASIST3,within_group,290,290,50,240,14.083333333333334,0.26666666666666666,0.02,64,1
speaker,D_3933,LFCC+LCNN,within_group,290,290,50,240,14.083333333333334,0.32083333333333336,0.0,77,0
speaker,D_5169,AASIST3,within_group,298,298,50,248,14.056451612903226,0.24193548387096775,0.02,60,1
speaker,D_5174,LFCC+LCNN,within_group,370,370,50,320,14.03125,0.265625,0.04,85,2
speaker,D_4676,AASIST3,within_group,378,378,50,328,14.01219512195122,0.16463414634146342,0.1,54,5
speaker,D_3406,AASIST3,within_group,450,450,50,400,14.000000000000002,0.2775,0.0,111,0
speaker,D_2544,AASIST3,within_group,172,172,36,136,13.9297385620915,0.20588235294117646,0.1388888888888889,28,5
speaker,D_4048,AASIST3,within_group,418,418,50,368,13.929347826086957,0.1983695652173913,0.08,73,4
speaker,D_5433,LFCC+LCNN,within_group,434,434,50,384,13.90104166666667,0.296875,0.0,114,0
speaker,D_3511,LFCC+LCNN,within_group,145,145,1,144,13.88888888888889,0.3055555555555556,0.0,44,0
speaker,D_0978,AASIST3,within_group,442,442,50,392,13.887755102040817,0.288265306122449,0.0,113,0
speaker,D_2345,AASIST3,within_group,442,442,50,392,13.887755102040817,0.16071428571428573,0.08,63,4
speaker,D_3098,LFCC+LCNN,within_group,466,466,50,416,13.85096153846154,0.20192307692307693,0.02,84,1
speaker,D_3457,LFCC+LCNN,within_group,466,466,50,416,13.85096153846154,0.16105769230769232,0.0,67,0
speaker,D_0956,AASIST3,within_group,474,474,50,424,13.839622641509436,0.030660377358490566,0.34,13,17
speaker,D_1217,LFCC+LCNN,within_group,482,482,50,432,13.828703703703704,0.3541666666666667,0.0,153,0
speaker,D_4321,AASIST3,within_group,402,402,50,352,13.818181818181818,0.21022727272727273,0.0,74,0
speaker,D_4674,AASIST3,within_group,402,402,50,352,13.818181818181818,0.10795454545454546,0.22,38,11
speaker,D_2092,AASIST3,within_group,314,314,50,264,13.818181818181818,0.06818181818181818,0.22,18,11
speaker,D_3171,AASIST-L,within_group,153,153,49,104,13.81475667189953,0.2403846153846154,0.02040816326530612,25,1
speaker,D_4888,AASIST3,within_group,418,418,50,368,13.793478260869566,0.125,0.18,46,9
speaker,D_1125,AASIST3,within_group,149,149,21,128,13.783482142857146,0.34375,0.047619047619047616,44,1
speaker,D_1957,LFCC+LCNN,within_group,450,450,50,400,13.750000000000002,0.2575,0.08,103,4
speaker,D_1331,LFCC+LCNN,within_group,362,362,50,312,13.73076923076923,0.2692307692307692,0.04,84,2
speaker,D_4069,AASIST3,within_group,362,362,50,312,13.73076923076923,0.34615384615384615,0.02,108,1
speaker,D_2396,LFCC+LCNN,within_group,266,266,50,216,13.712962962962965,0.26851851851851855,0.0,58,0
speaker,D_0354,LFCC+LCNN,within_group,135,135,39,96,13.701923076923078,0.14583333333333334,0.15384615384615385,14,6
speaker,D_0488,AASIST3,within_group,498,498,50,448,13.696428571428571,0.17857142857142858,0.02,80,1
speaker,D_1398,AASIST3,within_group,386,386,50,336,13.696428571428571,0.05654761904761905,0.3,19,15
speaker,D_5112,AASIST-L,within_group,282,282,50,232,13.68103448275862,0.5387931034482759,0.02,125,1
speaker,D_5011,LFCC+LCNN,within_group,418,418,50,368,13.657608695652174,0.16304347826086957,0.02,60,1
speaker,D_0870,AASIST3,within_group,189,189,45,144,13.61111111111111,0.1875,0.06666666666666667,27,3
speaker,D_1631,AASIST3,within_group,346,346,50,296,13.587837837837839,0.22635135135135134,0.08,67,4
speaker,D_1250,AASIST,within_group,100,100,4,96,13.541666666666666,0.375,0.25,36,1
speaker,D_0407,LFCC+LCNN,within_group,418,418,50,368,13.521739130434785,0.10597826086956522,0.22,39,11
speaker,D_5057,AASIST3,within_group,434,434,50,384,13.51041666666667,0.0703125,0.2,27,10
speaker,D_1054,LFCC+LCNN,within_group,164,164,44,120,13.484848484848483,0.275,0.0,33,0
speaker,D_5308,AASIST3,within_group,94,94,6,88,13.446969696969695,0.07954545454545454,0.16666666666666666,7,1
speaker,D_3518,LFCC+LCNN,within_group,306,306,50,256,13.4453125,0.30078125,0.02,77,1
speaker,D_5204,AASIST3,within_group,394,394,50,344,13.395348837209303,0.12209302325581395,0.18,42,9
speaker,D_2163,AASIST3,within_group,140,140,28,112,13.392857142857146,0.22321428571428573,0.0,25,0
speaker,D_2619,LFCC+LCNN,within_group,418,418,50,368,13.385869565217392,0.22010869565217392,0.1,81,5
speaker,D_1341,LFCC+LCNN,within_group,426,426,50,376,13.382978723404253,0.2393617021276596,0.0,90,0
speaker,D_5006,LFCC+LCNN,within_group,434,434,50,384,13.380208333333332,0.1953125,0.0,75,0
speaker,D_2236,AASIST3,within_group,134,134,38,96,13.349780701754382,0.2604166666666667,0.0,25,0
speaker,D_1002,LFCC+LCNN,within_group,426,426,50,376,13.25,0.1702127659574468,0.08,64,4
speaker,D_3132,LFCC+LCNN,within_group,394,394,50,344,13.25,0.3081395348837209,0.0,106,0
speaker,D_3745,LFCC+LCNN,within_group,178,178,50,128,13.25,0.171875,0.04,22,2
speaker,D_5049,AASIST3,within_group,158,158,38,120,13.245614035087716,0.08333333333333333,0.23684210526315788,10,9
speaker,D_4574,LFCC+LCNN,within_group,165,165,29,136,13.146551724137934,0.25735294117647056,0.0,35,0
speaker,D_4579,AASIST3,within_group,330,330,50,280,13.142857142857142,0.15357142857142858,0.08,43,4
speaker,D_3406,LFCC+LCNN,within_group,450,450,50,400,13.125,0.1625,0.04,65,2
speaker,D_4653,AASIST3,within_group,410,410,50,360,13.111111111111112,0.2388888888888889,0.02,86,1
speaker,D_4321,LFCC+LCNN,within_group,402,402,50,352,13.107954545454547,0.16761363636363635,0.12,59,6
speaker,D_1495,AASIST3,within_group,394,394,50,344,13.104651162790699,0.3372093023255814,0.0,116,0
speaker,D_2330,LFCC+LCNN,within_group,474,474,50,424,13.014150943396228,0.37028301886792453,0.0,157,0
speaker,D_5316,LFCC+LCNN,within_group,410,410,50,360,12.972222222222223,0.17222222222222222,0.0,62,0
speaker,D_2111,AASIST,within_group,120,120,8,112,12.94642857142857,0.5178571428571429,0.0,58,0
speaker,D_4811,LFCC+LCNN,within_group,157,157,45,112,12.916666666666664,0.33035714285714285,0.0,37,0
speaker,D_1589,LFCC+LCNN,within_group,143,143,15,128,12.916666666666664,0.1953125,0.0,25,0
speaker,D_4838,LFCC+LCNN,within_group,134,134,30,104,12.916666666666664,0.17307692307692307,0.0,18,0
speaker,D_5025,LFCC+LCNN,within_group,354,354,50,304,12.907894736842106,0.23026315789473684,0.06,70,3
speaker,D_0562,LFCC+LCNN,within_group,330,330,50,280,12.892857142857144,0.09642857142857143,0.22,27,11
speaker,D_4593,LFCC+LCNN,within_group,155,155,43,112,12.780315614617944,0.11607142857142858,0.11627906976744186,13,5
speaker,D_2809,AASIST3,within_group,426,426,50,376,12.71808510638298,0.1702127659574468,0.0,64,0
speaker,D_4660,LFCC+LCNN,within_group,127,127,31,96,12.701612903225806,0.17708333333333334,0.06451612903225806,17,2
speaker,D_3986,AASIST3,within_group,290,290,50,240,12.625,0.17083333333333334,0.0,41,0
speaker,D_0236,LFCC+LCNN,within_group,176,176,16,160,12.5,0.175,0.0,28,0
speaker,D_3402,AASIST-L,within_group,105,105,1,104,12.5,0.38461538461538464,0.0,40,0
speaker,D_2884,LFCC+LCNN,within_group,298,298,50,248,12.451612903225806,0.31048387096774194,0.0,77,0
speaker,D_3732,LFCC+LCNN,within_group,338,338,50,288,12.42361111111111,0.2048611111111111,0.0,59,0
speaker,D_5153,AASIST3,within_group,346,346,50,296,12.418918918918918,0.19256756756756757,0.02,57,1
speaker,D_4861,AASIST3,within_group,386,386,50,336,12.398809523809524,0.19345238095238096,0.0,65,0
speaker,D_4511,LFCC+LCNN,within_group,394,394,50,344,12.395348837209303,0.21511627906976744,0.0,74,0
speaker,D_3015,LFCC+LCNN,within_group,426,426,50,376,12.382978723404255,0.22606382978723405,0.06,85,3
speaker,D_4719,LFCC+LCNN,within_group,143,143,23,120,12.355072463768117,0.15833333333333333,0.0,19,0
speaker,D_2050,LFCC+LCNN,within_group,474,474,50,424,12.25,0.18867924528301888,0.0,80,0
speaker,D_3098,AASIST3,within_group,466,466,50,416,12.25,0.09134615384615384,0.22,38,11
speaker,D_2684,AASIST3,within_group,426,426,50,376,12.25,0.19680851063829788,0.04,74,2
speaker,D_0976,AASIST3,within_group,418,418,50,368,12.25,0.14945652173913043,0.06,55,3
speaker,D_5248,LFCC+LCNN,within_group,386,386,50,336,12.25,0.19940476190476192,0.04,67,2
speaker,D_1566,LFCC+LCNN,within_group,362,362,50,312,12.25,0.1858974358974359,0.0,58,0
speaker,D_3890,AASIST3,within_group,362,362,50,312,12.25,0.3782051282051282,0.0,118,0
speaker,D_4847,LFCC+LCNN,within_group,290,290,50,240,12.25,0.26666666666666666,0.0,64,0
speaker,D_4228,LFCC+LCNN,within_group,282,282,50,232,12.25,0.17672413793103448,0.0,41,0
speaker,D_0324,LFCC+LCNN,within_group,274,274,50,224,12.25,0.14732142857142858,0.1,33,5
speaker,D_1837,AASIST3,within_group,274,274,50,224,12.25,0.12946428571428573,0.1,29,5
speaker,D_0870,LFCC+LCNN,within_group,189,189,45,144,12.15277777777778,0.16666666666666666,0.044444444444444446,24,2
speaker,D_5163,AASIST3,within_group,434,434,50,384,12.119791666666666,0.2994791666666667,0.0,115,0
speaker,D_4932,LFCC+LCNN,within_group,418,418,50,368,12.114130434782608,0.2826086956521739,0.0,104,0
speaker,D_0819,LFCC+LCNN,within_group,410,410,50,360,12.11111111111111,0.19444444444444445,0.0,70,0
speaker,D_2592,AASIST3,within_group,394,394,50,344,12.104651162790697,0.1308139534883721,0.1,45,5
speaker,D_3402,AASIST,within_group,105,105,1,104,12.01923076923077,0.3942307692307692,0.0,41,0
speaker,D_1957,AASIST3,within_group,450,450,50,400,12.0,0.2125,0.02,85,1
speaker,D_2345,LFCC+LCNN,within_group,442,442,50,392,11.994897959183673,0.16581632653061223,0.0,65,0
speaker,D_2338,LFCC+LCNN,within_group,434,434,50,384,11.989583333333334,0.23177083333333334,0.02,89,1
speaker,D_0546,LFCC+LCNN,within_group,418,418,50,368,11.978260869565217,0.13858695652173914,0.02,51,1
speaker,D_2968,LFCC+LCNN,within_group,418,418,50,368,11.978260869565217,0.16576086956521738,0.06,61,3
speaker,D_4814,LFCC+LCNN,within_group,418,418,50,368,11.978260869565217,0.3342391304347826,0.0,123,0
speaker,D_5011,XLS-R+AASIST,within_group,418,418,50,368,11.978260869565217,0.024456521739130436,0.2,9,10
speaker,D_0590,AASIST3,within_group,410,410,50,360,11.972222222222223,0.25,0.0,90,0
speaker,D_0637,LFCC+LCNN,within_group,410,410,50,360,11.972222222222223,0.20833333333333334,0.0,75,0
speaker,D_5274,AASIST3,within_group,410,410,50,360,11.972222222222223,0.11666666666666667,0.14,42,7
speaker,D_2371,LFCC+LCNN,within_group,386,386,50,336,11.952380952380953,0.23809523809523808,0.0,80,0
speaker,D_0488,LFCC+LCNN,within_group,498,498,50,448,11.915178571428571,0.31026785714285715,0.0,139,0
speaker,D_2947,AASIST3,within_group,346,346,50,296,11.912162162162163,0.23310810810810811,0.04,69,2
speaker,D_0496,AASIST3,within_group,482,482,50,432,11.902777777777777,0.3402777777777778,0.0,147,0
speaker,D_2203,AASIST3,within_group,338,338,50,288,11.902777777777777,0.1111111111111111,0.14,32,7
speaker,D_1306,LFCC+LCNN,within_group,314,314,50,264,11.871212121212121,0.25,0.0,66,0
speaker,D_3927,AASIST3,within_group,314,314,50,264,11.871212121212121,0.1893939393939394,0.08,50,4
speaker,D_2835,AASIST3,within_group,298,298,50,248,11.846774193548388,0.23790322580645162,0.0,59,0
speaker,D_4321,XLS-R+AASIST,within_group,402,402,50,352,11.823863636363635,0.019886363636363636,0.38,7,19
speaker,D_1495,LFCC+LCNN,within_group,394,394,50,344,11.813953488372093,0.3168604651162791,0.0,109,0
speaker,D_2751,AASIST3,within_group,394,394,50,344,11.813953488372093,0.23546511627906977,0.0,81,0
speaker,D_2825,LFCC+LCNN,within_group,154,154,18,136,11.805555555555557,0.33088235294117646,0.0,45,0
speaker,D_2648,AASIST3,within_group,274,274,50,224,11.803571428571429,0.14285714285714285,0.1,32,5
speaker,D_4054,LFCC+LCNN,within_group,466,466,50,416,11.76923076923077,0.22596153846153846,0.0,94,0
speaker,D_2292,AASIST-L,within_group,153,153,17,136,11.764705882352942,0.3602941176470588,0.0,49,0
speaker,D_3911,AASIST3,within_group,442,442,50,392,11.739795918367346,0.13520408163265307,0.12,53,6
speaker,D_5006,AASIST3,within_group,434,434,50,384,11.729166666666666,0.3229166666666667,0.02,124,1
speaker,D_1002,AASIST3,within_group,426,426,50,376,11.718085106382977,0.2526595744680851,0.0,95,0
speaker,D_2619,AASIST3,within_group,418,418,50,368,11.706521739130435,0.23097826086956522,0.0,85,0
speaker,D_3293,LFCC+LCNN,within_group,418,418,50,368,11.706521739130435,0.18478260869565216,0.08,68,4
speaker,D_4814,AASIST3,within_group,418,418,50,368,11.706521739130435,0.11141304347826086,0.12,41,6
speaker,D_4236,AASIST3,within_group,410,410,50,360,11.694444444444443,0.21666666666666667,0.02,78,1
speaker,D_3931,AASIST3,within_group,466,466,50,416,11.64903846153846,0.25,0.02,104,1
speaker,D_5347,AASIST3,within_group,298,298,50,248,11.64516129032258,0.3225806451612903,0.0,80,0
speaker,D_2740,AASIST3,within_group,450,450,50,400,11.625,0.0725,0.18,29,9
speaker,D_5329,AASIST3,within_group,370,370,50,320,11.625,0.20625,0.0,66,0
speaker,D_5052,AASIST3,within_group,362,362,50,312,11.608974358974358,0.08653846153846154,0.12,27,6
speaker,D_3293,AASIST3,within_group,418,418,50,368,11.570652173913043,0.21467391304347827,0.04,79,2
speaker,D_2736,AASIST3,within_group,330,330,50,280,11.535714285714285,0.35,0.0,98,0
speaker,D_2236,LFCC+LCNN,within_group,134,134,38,96,11.513157894736842,0.20833333333333334,0.02631578947368421,20,1
speaker,D_2913,AASIST3,within_group,386,386,50,336,11.505952380952381,0.2113095238095238,0.02,71,1
speaker,D_2218,XLS-R+AASIST,within_group,266,266,50,216,11.324074074074074,0.032407407407407406,0.28,7,14
speaker,D_1468,LFCC+LCNN,within_group,107,107,11,96,11.31628787878788,0.17708333333333334,0.09090909090909091,17,1
speaker,D_4675,AASIST3,within_group,418,418,50,368,11.29891304347826,0.17391304347826086,0.0,64,0
speaker,D_0375,LFCC+LCNN,within_group,258,258,50,208,11.288461538461538,0.3269230769230769,0.02,68,1
speaker,D_0059,AASIST3,within_group,426,426,50,376,11.249999999999998,0.2473404255319149,0.0,93,0
speaker,D_2648,LFCC+LCNN,within_group,274,274,50,224,11.249999999999998,0.22767857142857142,0.02,51,1
speaker,D_2476,LFCC+LCNN,within_group,458,458,50,408,11.127450980392156,0.2181372549019608,0.0,89,0
speaker,D_4660,AASIST3,within_group,127,127,31,96,11.088709677419356,0.1875,0.03225806451612903,18,1
speaker,D_0375,AASIST3,within_group,258,258,50,208,11.048076923076923,0.17307692307692307,0.04,36,2
speaker,D_5057,LFCC+LCNN,within_group,434,434,50,384,10.989583333333334,0.3333333333333333,0.02,128,1
speaker,D_3890,LFCC+LCNN,within_group,362,362,50,312,10.929487179487179,0.20833333333333334,0.02,65,1
speaker,D_2206,AASIST3,within_group,418,418,50,368,10.891304347826086,0.3179347826086957,0.0,117,0
speaker,D_0283,AASIST3,within_group,198,198,38,160,10.88815789473684,0.175,0.02631578947368421,28,1
speaker,D_5436,LFCC+LCNN,within_group,168,168,40,128,10.859374999999998,0.234375,0.025,30,1
speaker,D_0123,LFCC+LCNN,within_group,160,160,8,152,10.855263157894738,0.17105263157894737,0.0,26,0
speaker,D_2621,AASIST3,within_group,450,450,50,400,10.75,0.1375,0.12,55,6
speaker,D_2876,LFCC+LCNN,within_group,136,136,24,112,10.714285714285715,0.2857142857142857,0.0,32,0
speaker,D_2884,AASIST3,within_group,298,298,50,248,10.64516129032258,0.3548387096774194,0.0,88,0
speaker,D_0962,LFCC+LCNN,within_group,434,434,50,384,10.598958333333334,0.2552083333333333,0.0,98,0
speaker,D_4160,LFCC+LCNN,within_group,354,354,50,304,10.592105263157894,0.27960526315789475,0.0,85,0
speaker,D_0151,LFCC+LCNN,within_group,362,362,50,312,10.448717948717947,0.21474358974358973,0.0,67,0
speaker,D_0486,AASIST3,within_group,346,346,50,296,10.405405405405405,0.25,0.0,74,0
speaker,D_4228,AASIST3,within_group,282,282,50,232,10.387931034482758,0.1336206896551724,0.1,31,5
speaker,D_3732,AASIST3,within_group,338,338,50,288,10.381944444444443,0.2569444444444444,0.02,74,1
speaker,D_1458,AASIST3,within_group,434,434,50,384,10.338541666666664,0.23177083333333334,0.0,89,0
speaker,D_2825,AASIST3,within_group,154,154,18,136,10.33496732026144,0.33088235294117646,0.0,45,0
speaker,D_1062,XLS-R+AASIST,within_group,154,154,50,104,10.326923076923077,0.028846153846153848,0.36,3,18
speaker,D_2357,AASIST3,within_group,314,314,50,264,10.303030303030303,0.1590909090909091,0.1,42,5
speaker,D_0819,AASIST3,within_group,410,410,50,360,10.277777777777777,0.14722222222222223,0.04,53,2
speaker,D_1228,AASIST3,within_group,410,410,50,360,10.277777777777777,0.10833333333333334,0.1,39,5
speaker,D_4719,AASIST3,within_group,143,143,23,120,10.271739130434785,0.13333333333333333,0.0,16,0
speaker,D_0425,LFCC+LCNN,within_group,282,282,50,232,10.249999999999998,0.14655172413793102,0.04,34,2
speaker,D_2218,XLS-R+Nes2Net,within_group,266,266,50,216,10.240740740740742,0.018518518518518517,0.16,4,8
speaker,D_4511,AASIST3,within_group,394,394,50,344,10.232558139534884,0.27906976744186046,0.0,96,0
speaker,D_3337,AASIST3,within_group,426,426,50,376,10.186170212765957,0.10904255319148937,0.1,41,5
speaker,D_4137,AASIST3,within_group,426,426,50,376,10.186170212765957,0.17819148936170212,0.0,67,0
speaker,D_4675,LFCC+LCNN,within_group,418,418,50,368,10.16304347826087,0.3125,0.0,115,0
speaker,D_0106,LFCC+LCNN,within_group,410,410,50,360,10.111111111111109,0.2,0.0,72,0
speaker,D_1217,AASIST3,within_group,482,482,50,432,10.092592592592592,0.14351851851851852,0.04,62,2
speaker,D_4363,AASIST3,within_group,178,178,50,128,10.078124999999998,0.1953125,0.02,25,1
speaker,D_2141,LFCC+LCNN,within_group,290,290,50,240,10.0,0.20833333333333334,0.02,50,1
speaker,D_1725,LFCC+LCNN,within_group,124,124,12,112,9.970238095238097,0.1875,0.0,21,0
speaker,D_1612,LFCC+LCNN,within_group,282,282,50,232,9.956896551724137,0.21120689655172414,0.02,49,1
speaker,D_4574,AASIST3,within_group,165,165,29,136,9.951825557809329,0.25735294117647056,0.0,35,0
speaker,D_0865,LFCC+LCNN,within_group,242,242,50,192,9.947916666666664,0.18229166666666666,0.02,35,1
speaker,D_4737,AASIST3,within_group,242,242,50,192,9.947916666666664,0.22395833333333334,0.0,43,0
speaker,D_2529,AASIST3,within_group,426,426,50,376,9.920212765957444,0.39361702127659576,0.0,148,0
speaker,D_1327,AASIST3,within_group,386,386,50,336,9.910714285714285,0.08333333333333333,0.16,28,8
speaker,D_5314,LFCC+LCNN,within_group,274,274,50,224,9.910714285714285,0.13839285714285715,0.02,31,1
speaker,D_0358,LFCC+LCNN,within_group,402,402,50,352,9.829545454545453,0.3039772727272727,0.0,107,0
speaker,D_3309,AASIST3,within_group,154,154,50,104,9.807692307692307,0.25,0.0,26,0
speaker,D_3689,LFCC+LCNN,within_group,386,386,50,336,9.761904761904761,0.20238095238095238,0.0,68,0
speaker,D_4874,AASIST3,within_group,386,386,50,336,9.761904761904761,0.25297619047619047,0.0,85,0
speaker,D_0906,AASIST3,within_group,346,346,50,296,9.729729729729728,0.11148648648648649,0.08,33,4
speaker,D_0400,AASIST3,within_group,410,410,50,360,9.722222222222221,0.10555555555555556,0.08,38,4
speaker,D_3063,AASIST3,within_group,410,410,50,360,9.722222222222221,0.17222222222222222,0.02,62,1
speaker,D_0802,AASIST3,within_group,418,418,50,368,9.619565217391303,0.27445652173913043,0.0,101,0
speaker,D_0605,AASIST3,within_group,386,386,50,336,9.613095238095237,0.15773809523809523,0.0,53,0
speaker,D_1333,AASIST3,within_group,378,378,50,328,9.573170731707316,0.10060975609756098,0.1,33,5
speaker,D_3473,XLS-R+Nes2Net,within_group,474,474,50,424,9.542452830188678,0.01179245283018868,0.08,5,4
speaker,D_4173,AASIST3,within_group,394,394,50,344,9.50581395348837,0.24127906976744187,0.0,83,0
speaker,D_4825,LFCC+LCNN,within_group,266,266,50,216,9.398148148148147,0.12962962962962962,0.04,28,2
speaker,D_4384,AASIST3,within_group,426,426,50,376,9.388297872340425,0.2393617021276596,0.0,90,0
speaker,D_0233,AASIST3,within_group,128,128,32,96,9.375,0.40625,0.0,39,0
speaker,D_4945,AASIST,within_group,114,114,2,112,9.375,0.39285714285714285,0.0,44,0
speaker,D_1719,AASIST,within_group,99,99,3,96,9.375,0.2916666666666667,0.0,28,0
speaker,D_5457,AASIST3,within_group,306,306,50,256,9.296874999999998,0.390625,0.0,100,0
speaker,D_5368,LFCC+LCNN,within_group,410,410,50,360,9.250000000000004,0.25833333333333336,0.0,93,0
speaker,D_1054,AASIST3,within_group,164,164,44,120,9.12878787878788,0.11666666666666667,0.045454545454545456,14,2
speaker,D_0296,AASIST3,within_group,362,362,50,312,9.128205128205126,0.14743589743589744,0.04,46,2
speaker,D_3511,AASIST,within_group,145,145,1,144,9.027777777777777,0.4236111111111111,0.0,61,0
speaker,D_1319,AASIST-L,within_group,113,113,1,112,8.928571428571429,0.2857142857142857,0.0,32,0
speaker,D_4137,LFCC+LCNN,within_group,426,426,50,376,8.920212765957444,0.2393617021276596,0.0,90,0
speaker,D_4048,XLS-R+AASIST,within_group,418,418,50,368,8.891304347826084,0.024456521739130436,0.24,9,12
speaker,D_5011,AASIST3,within_group,418,418,50,368,8.755434782608694,0.23097826086956522,0.0,85,0
speaker,D_1398,LFCC+LCNN,within_group,386,386,50,336,8.654761904761907,0.25595238095238093,0.0,86,0
speaker,D_5025,AASIST3,within_group,354,354,50,304,8.631578947368421,0.17763157894736842,0.12,54,6
speaker,D_1341,AASIST3,within_group,426,426,50,376,8.521276595744679,0.23404255319148937,0.0,88,0
speaker,D_3668,XLS-R+Nes2Net,within_group,450,450,50,400,8.499999999999998,0.02,0.12,8,6
speaker,D_2731,AASIST3,within_group,306,306,50,256,8.492187499999998,0.10546875,0.08,27,4
speaker,D_4322,XLS-R+AASIST,within_group,402,402,50,352,8.40340909090909,0.03125,0.18,11,9
speaker,D_0604,XLS-R+Nes2Net,within_group,346,346,50,296,8.39189189189189,0.02027027027027027,0.2,6,10
speaker,D_5213,AASIST3,within_group,258,258,50,208,8.326923076923075,0.2692307692307692,0.0,56,0
speaker,D_5222,AASIST3,within_group,213,213,37,176,8.315417690417688,0.22727272727272727,0.0,40,0
speaker,D_2338,AASIST3,within_group,434,434,50,384,8.296874999999998,0.11197916666666667,0.08,43,4
speaker,D_2476,AASIST3,within_group,458,458,50,408,8.289215686274508,0.1568627450980392,0.06,64,3
speaker,D_3986,LFCC+LCNN,within_group,290,290,50,240,8.250000000000002,0.1375,0.0,33,0
speaker,D_1725,AASIST3,within_group,124,124,12,112,8.18452380952381,0.14285714285714285,0.0,16,0
speaker,D_5316,AASIST3,within_group,410,410,50,360,8.166666666666664,0.24444444444444444,0.0,88,0
speaker,D_3668,XLS-R+AASIST,within_group,450,450,50,400,8.124999999999998,0.035,0.2,14,10
speaker,D_0358,AASIST3,within_group,402,402,50,352,8.11931818181818,0.1846590909090909,0.0,65,0
speaker,D_2809,LFCC+LCNN,within_group,426,426,50,376,8.117021276595745,0.27925531914893614,0.0,105,0
speaker,D_5377,AASIST3,within_group,123,123,11,112,8.116883116883118,0.17857142857142858,0.0,20,0
speaker,D_5112,AASIST3,within_group,282,282,50,232,8.094827586206895,0.39655172413793105,0.0,92,0
speaker,D_0669,AASIST3,within_group,458,458,50,408,8.04411764705882,0.34558823529411764,0.0,141,0
speaker,D_0399,AASIST3,within_group,115,115,3,112,8.035714285714286,0.33035714285714285,0.0,37,0
speaker,D_3037,AASIST3,within_group,386,386,50,336,8.01785714285714,0.19047619047619047,0.0,64,0
speaker,D_3689,AASIST3,within_group,386,386,50,336,8.01785714285714,0.13095238095238096,0.0,44,0
speaker,D_0487,AASIST3,within_group,362,362,50,312,8.006410256410254,0.20833333333333334,0.0,65,0
speaker,D_3990,XLS-R+AASIST,within_group,402,402,50,352,7.977272727272725,0.002840909090909091,0.2,1,10
speaker,D_1112,AASIST3,within_group,290,290,50,240,7.958333333333331,0.22083333333333333,0.0,53,0
speaker,D_2793,LFCC+LCNN,within_group,442,442,50,392,7.954081632653059,0.2066326530612245,0.02,81,1
speaker,D_3171,LFCC+LCNN,within_group,153,153,49,104,7.9277864992150695,0.2403846153846154,0.0,25,0
speaker,D_3518,AASIST3,within_group,306,306,50,256,7.906249999999998,0.16796875,0.0,43,0
speaker,D_4365,LFCC+LCNN,within_group,155,155,3,152,7.894736842105263,0.24342105263157895,0.0,37,0
speaker,D_4627,AASIST3,within_group,218,218,50,168,7.869047619047617,0.30952380952380953,0.0,52,0
speaker,D_4258,AASIST3,within_group,142,142,14,128,7.868303571428569,0.1640625,0.0,21,0
speaker,D_3732,XLS-R+AASIST,within_group,338,338,50,288,7.819444444444443,0.03125,0.18,9,9
speaker,D_3124,AASIST3,within_group,394,394,50,344,7.779069767441858,0.313953488372093,0.0,108,0
speaker,D_2919,AASIST3,within_group,450,450,50,400,7.749999999999998,0.205,0.02,82,1
speaker,D_0538,XLS-R+Nes2Net,within_group,134,134,14,120,7.7380952380952355,0.0,0.07142857142857142,0,1
speaker,D_4048,XLS-R+Nes2Net,within_group,418,418,50,368,7.668478260869563,0.010869565217391304,0.22,4,11
speaker,D_2544,LFCC+LCNN,within_group,172,172,36,136,7.638888888888889,0.19117647058823528,0.0,26,0
speaker,D_5261,LFCC+LCNN,within_group,167,167,39,128,7.532051282051283,0.140625,0.0,18,0
speaker,D_0151,AASIST3,within_group,362,362,50,312,7.525641025641024,0.27564102564102566,0.0,86,0
speaker,D_3745,AASIST3,within_group,178,178,50,128,7.515624999999998,0.1484375,0.02,19,1
speaker,D_4461,AASIST3,within_group,124,124,4,120,7.5,0.2833333333333333,0.0,34,0
speaker,D_0309,AASIST,within_group,123,123,3,120,7.5,0.25833333333333336,0.0,31,0
speaker,D_2330,AASIST3,within_group,474,474,50,424,7.419811320754715,0.20047169811320756,0.0,85,0
speaker,D_0314,AASIST3,within_group,346,346,50,296,7.378378378378376,0.20270270270270271,0.0,60,0
speaker,D_2327,XLS-R+Nes2Net,within_group,370,370,50,320,7.375000000000003,0.0125,0.06,4,3
speaker,D_0324,XLS-R+Nes2Net,within_group,274,274,50,224,7.348214285714283,0.017857142857142856,0.1,4,5
speaker,D_3309,LFCC+LCNN,within_group,154,154,50,104,7.326923076923079,0.20192307692307693,0.0,21,0
speaker,D_1637,XLS-R+AASIST,within_group,322,322,50,272,7.308823529411762,0.029411764705882353,0.18,8,9
speaker,D_5169,LFCC+LCNN,within_group,298,298,50,248,7.241935483870971,0.23790322580645162,0.0,59,0
speaker,D_0865,AASIST3,within_group,242,242,50,192,7.124999999999998,0.2552083333333333,0.0,49,0
speaker,D_2218,AASIST3,within_group,266,266,50,216,6.935185185185189,0.19444444444444445,0.0,42,0
speaker,D_4363,LFCC+LCNN,within_group,178,178,50,128,6.906250000000003,0.359375,0.0,46,0
speaker,D_0756,AASIST3,within_group,306,306,50,256,6.710937500000003,0.203125,0.0,52,0
speaker,D_4116,AASIST-L,within_group,119,119,7,112,6.696428571428571,0.35714285714285715,0.0,40,0
speaker,D_2629,AASIST3,within_group,402,402,50,352,6.69318181818182,0.20454545454545456,0.0,72,0
speaker,D_4237,XLS-R+AASIST,within_group,226,226,50,176,6.69318181818182,0.03977272727272727,0.16,7,8
speaker,D_2788,AASIST3,within_group,131,131,3,128,6.640625,0.15625,0.0,20,0
speaker,D_3798,AASIST3,within_group,362,362,50,312,6.525641025641028,0.07051282051282051,0.1,22,5
speaker,D_5368,AASIST3,within_group,410,410,50,360,6.472222222222225,0.17777777777777778,0.0,64,0
speaker,D_3014,AASIST3,within_group,298,298,50,248,6.427419354838712,0.1532258064516129,0.0,38,0
speaker,D_5314,AASIST3,within_group,274,274,50,224,6.348214285714287,0.25,0.02,56,1
speaker,D_2422,AASIST3,within_group,410,410,50,360,6.333333333333336,0.20277777777777778,0.0,73,0
speaker,D_4847,AASIST3,within_group,290,290,50,240,6.333333333333336,0.1625,0.04,39,2
speaker,D_0236,AASIST3,within_group,176,176,16,160,6.25,0.25625,0.0,41,0
speaker,D_0182,LFCC+LCNN,within_group,144,144,8,136,6.25,0.35294117647058826,0.0,48,0
speaker,D_0233,LFCC+LCNN,within_group,128,128,32,96,6.25,0.3125,0.0,30,0
speaker,D_1569,LFCC+LCNN,within_group,90,90,2,88,6.25,0.32954545454545453,0.0,29,0
speaker,D_2396,XLS-R+AASIST,within_group,266,266,50,216,6.240740740740743,0.013888888888888888,0.12,3,6
speaker,D_3192,AASIST3,within_group,314,314,50,264,6.219696969696972,0.2196969696969697,0.0,58,0
speaker,D_4838,AASIST3,within_group,134,134,30,104,6.217948717948717,0.18269230769230768,0.0,19,0
speaker,D_1566,AASIST3,within_group,362,362,50,312,6.205128205128208,0.2916666666666667,0.0,91,0
speaker,D_1444,AASIST3,within_group,402,402,50,352,6.125000000000003,0.16477272727272727,0.0,58,0
speaker,D_3983,AASIST3,within_group,426,426,50,376,6.058510638297874,0.23670212765957446,0.0,89,0
speaker,D_4023,AASIST3,within_group,378,378,50,328,6.048780487804881,0.17073170731707318,0.0,56,0
speaker,D_5236,XLS-R+Nes2Net,within_group,418,418,50,368,5.989130434782611,0.010869565217391304,0.08,4,4
speaker,D_1228,XLS-R+Nes2Net,within_group,410,410,50,360,5.91666666666667,0.005555555555555556,0.06,2,3
speaker,D_1333,XLS-R+Nes2Net,within_group,378,378,50,328,5.896341463414637,0.009146341463414634,0.08,3,4
speaker,D_4023,XLS-R+AASIST,within_group,378,378,50,328,5.896341463414637,0.036585365853658534,0.1,12,5
speaker,D_5377,LFCC+LCNN,within_group,123,123,11,112,5.884740259740261,0.07142857142857142,0.09090909090909091,8,1
speaker,D_1331,AASIST3,within_group,362,362,50,312,5.884615384615388,0.15384615384615385,0.0,48,0
speaker,D_5433,AASIST3,within_group,434,434,50,384,5.864583333333336,0.2526041666666667,0.0,97,0
speaker,D_5148,LFCC+LCNN,within_group,135,135,7,128,5.859375,0.234375,0.0,30,0
speaker,D_4322,XLS-R+Nes2Net,within_group,402,402,50,352,5.8409090909090935,0.04261363636363636,0.1,15,5
speaker,D_4320,AASIST3,within_group,386,386,50,336,5.827380952380954,0.2113095238095238,0.0,71,0
speaker,D_0087,LFCC+LCNN,within_group,125,125,13,112,5.803571428571429,0.24107142857142858,0.0,27,0
speaker,D_2629,XLS-R+AASIST,within_group,402,402,50,352,5.698863636363639,0.008522727272727272,0.14,3,7
speaker,D_1445,AASIST3,within_group,394,394,50,344,5.616279069767445,0.14244186046511628,0.0,49,0
speaker,D_2592,XLS-R+Nes2Net,within_group,394,394,50,344,5.616279069767445,0.023255813953488372,0.06,8,3
speaker,D_4023,XLS-R+Nes2Net,within_group,378,378,50,328,5.591463414634148,0.036585365853658534,0.06,12,3
speaker,D_5222,LFCC+LCNN,within_group,213,213,37,176,5.543611793611794,0.2159090909090909,0.0,38,0
speaker,D_2396,XLS-R+Nes2Net,within_group,266,266,50,216,5.462962962962962,0.013888888888888888,0.1,3,5
speaker,D_1261,XLS-R+AASIST,within_group,338,338,50,288,5.430555555555558,0.041666666666666664,0.08,12,4
speaker,D_5368,XLS-R+AASIST,within_group,410,410,50,360,5.361111111111113,0.008333333333333333,0.14,3,7
speaker,D_0399,LFCC+LCNN,within_group,115,115,3,112,5.357142857142857,0.19642857142857142,0.0,22,0
speaker,D_5121,XLS-R+AASIST,within_group,112,112,16,96,5.208333333333333,0.041666666666666664,0.0,4,0
speaker,D_4593,XLS-R+AASIST,within_group,155,155,43,112,5.004152823920265,0.017857142857142856,0.11627906976744186,2,5
speaker,D_1112,LFCC+LCNN,within_group,290,290,50,240,4.958333333333334,0.2625,0.0,63,0
speaker,D_4365,AASIST3,within_group,155,155,3,152,4.934210526315789,0.27631578947368424,0.0,42,0
speaker,D_0309,AASIST3,within_group,123,123,3,120,4.583333333333333,0.21666666666666667,0.0,26,0
speaker,D_3933,XLS-R+AASIST,within_group,290,290,50,240,4.500000000000002,0.04583333333333333,0.08,11,4
speaker,D_0399,AASIST-L,within_group,115,115,3,112,4.464285714285714,0.44642857142857145,0.0,50,0
speaker,D_3504,AASIST3,within_group,418,418,50,368,4.445652173913045,0.16847826086956522,0.0,62,0
speaker,D_1062,XLS-R+Nes2Net,within_group,154,154,50,104,4.403846153846155,0.028846153846153848,0.06,3,3
speaker,D_4320,XLS-R+AASIST,within_group,386,386,50,336,4.380952380952382,0.017857142857142856,0.12,6,6
speaker,D_5064,AASIST3,within_group,150,150,22,128,4.225852272727271,0.0234375,0.045454545454545456,3,1
speaker,D_3953,XLS-R+Nes2Net,within_group,458,458,50,408,4.205882352941178,0.014705882352941176,0.06,6,3
speaker,D_2592,XLS-R+AASIST,within_group,394,394,50,344,4.1802325581395365,0.02616279069767442,0.08,9,4
speaker,D_0383,AASIST3,within_group,330,330,50,280,4.142857142857145,0.1392857142857143,0.02,39,1
speaker,D_2809,XLS-R+AASIST,within_group,426,426,50,376,4.127659574468087,0.04521276595744681,0.02,17,1
speaker,D_3473,XLS-R+AASIST,within_group,474,474,50,424,4.122641509433963,0.02122641509433962,0.04,9,2
speaker,D_5347,XLS-R+Nes2Net,within_group,298,298,50,248,4.016129032258066,0.016129032258064516,0.04,4,2
speaker,D_1569,AASIST,within_group,90,90,2,88,3.977272727272727,0.48863636363636365,0.0,43,0
speaker,D_4831,XLS-R+AASIST,within_group,104,104,24,80,3.9583333333333317,0.0375,0.0,3,0
speaker,D_1989,AASIST3,within_group,258,258,50,208,3.923076923076925,0.3894230769230769,0.02,81,1
speaker,D_2937,XLS-R+AASIST,within_group,370,370,50,320,3.875000000000002,0.025,0.06,8,3
speaker,D_3402,AASIST3,within_group,105,105,1,104,3.8461538461538463,0.11538461538461539,0.0,12,0
speaker,D_0004,XLS-R+AASIST,within_group,242,242,50,192,3.8229166666666687,0.03125,0.06,6,3
speaker,D_1444,XLS-R+AASIST,within_group,402,402,50,352,3.7045454545454564,0.011363636363636364,0.06,4,3
speaker,D_1566,XLS-R+AASIST,within_group,362,362,50,312,3.602564102564104,0.04487179487179487,0.0,14,0
speaker,D_3781,XLS-R+AASIST,within_group,426,426,50,376,3.595744680851065,0.034574468085106384,0.04,13,2
speaker,D_0324,XLS-R+AASIST,within_group,274,274,50,224,3.5625000000000018,0.017857142857142856,0.04,4,2
speaker,D_5316,XLS-R+AASIST,within_group,410,410,50,360,3.5277777777777795,0.030555555555555555,0.04,11,2
speaker,D_1333,XLS-R+AASIST,within_group,378,378,50,328,3.524390243902441,0.01524390243902439,0.06,5,3
speaker,D_1054,XLS-R+AASIST,within_group,164,164,44,120,3.5227272727272703,0.025,0.045454545454545456,3,2
speaker,D_3927,XLS-R+Nes2Net,within_group,314,314,50,264,3.515151515151517,0.011363636363636364,0.04,3,2
speaker,D_0395,AASIST3,within_group,154,154,10,144,3.4722222222222223,0.3680555555555556,0.0,53,0
speaker,D_3511,AASIST-L,within_group,145,145,1,144,3.4722222222222223,0.4861111111111111,0.0,70,0
speaker,D_3781,XLS-R+Nes2Net,within_group,426,426,50,376,3.4627659574468104,0.026595744680851064,0.06,10,3
speaker,D_4237,XLS-R+Nes2Net,within_group,226,226,50,176,3.420454545454547,0.028409090909090908,0.06,5,3
speaker,D_3622,XLS-R+AASIST,within_group,450,450,50,400,3.3750000000000018,0.045,0.04,18,2
speaker,D_2330,XLS-R+AASIST,within_group,474,474,50,424,3.1792452830188696,0.025943396226415096,0.04,11,2
speaker,D_5292,XLS-R+AASIST,within_group,306,306,50,256,3.1718750000000018,0.0234375,0.0,6,0
speaker,D_2419,XLS-R+Nes2Net,within_group,386,386,50,336,3.148809523809527,0.017857142857142856,0.06,6,3
speaker,D_5148,AASIST3,within_group,135,135,7,128,3.125,0.21875,0.0,28,0
speaker,D_4945,AASIST3,within_group,114,114,2,112,3.125,0.36607142857142855,0.0,41,0
speaker,D_3953,XLS-R+AASIST,within_group,458,458,50,408,3.10294117647059,0.031862745098039214,0.0,13,0
speaker,D_3644,XLS-R+AASIST,within_group,155,155,35,120,3.095238095238096,0.008333333333333333,0.02857142857142857,1,1
speaker,D_0323,XLS-R+Nes2Net,within_group,426,426,50,376,3.0638297872340443,0.0398936170212766,0.0,15,0
speaker,D_0454,XLS-R+Nes2Net,within_group,156,156,36,120,3.0555555555555562,0.025,0.027777777777777776,3,1
speaker,D_0454,XLS-R+AASIST,within_group,156,156,36,120,3.0555555555555562,0.016666666666666666,0.1388888888888889,2,5
speaker,D_0865,XLS-R+AASIST,within_group,242,242,50,192,3.0416666666666683,0.015625,0.1,3,5
speaker,D_3206,XLS-R+AASIST,within_group,127,127,7,120,2.9166666666666665,0.016666666666666666,0.14285714285714285,2,1
speaker,D_4674,XLS-R+Nes2Net,within_group,402,402,50,352,2.84659090909091,0.019886363636363636,0.02,7,1
speaker,D_4674,XLS-R+AASIST,within_group,402,402,50,352,2.84659090909091,0.03125,0.02,11,1
speaker,D_5163,XLS-R+AASIST,within_group,434,434,50,384,2.7812500000000018,0.03125,0.04,12,2
speaker,D_5329,XLS-R+Nes2Net,within_group,370,370,50,320,2.718750000000001,0.028125,0.02,9,1
speaker,D_3622,XLS-R+Nes2Net,within_group,450,450,50,400,2.6250000000000018,0.0175,0.04,7,2
speaker,D_1719,AASIST3,within_group,99,99,3,96,2.604166666666667,0.19791666666666666,0.0,19,0
speaker,D_3990,XLS-R+Nes2Net,within_group,402,402,50,352,2.56818181818182,0.0,0.06,0,3
speaker,D_0488,XLS-R+Nes2Net,within_group,498,498,50,448,2.450892857142858,0.015625,0.02,7,1
speaker,D_3309,XLS-R+AASIST,within_group,154,154,50,104,2.4423076923076934,0.028846153846153848,0.02,3,1
speaker,D_5169,XLS-R+Nes2Net,within_group,298,298,50,248,2.4032258064516148,0.016129032258064516,0.04,4,2
speaker,D_0903,XLS-R+AASIST,within_group,450,450,50,400,2.3750000000000018,0.03,0.04,12,2
speaker,D_5457,XLS-R+AASIST,within_group,306,306,50,256,2.367187500000001,0.03515625,0.02,9,1
speaker,D_2947,XLS-R+AASIST,within_group,346,346,50,296,2.351351351351352,0.0472972972972973,0.0,14,0
speaker,D_3927,XLS-R+AASIST,within_group,314,314,50,264,2.325757575757577,0.026515151515151516,0.02,7,1
speaker,D_0164,XLS-R+AASIST,within_group,410,410,50,360,2.250000000000001,0.03611111111111111,0.0,13,0
speaker,D_2937,XLS-R+Nes2Net,within_group,370,370,50,320,2.250000000000001,0.0125,0.08,4,4
speaker,D_5329,XLS-R+AASIST,within_group,370,370,50,320,2.250000000000001,0.0125,0.06,4,3
speaker,D_1319,AASIST,within_group,113,113,1,112,2.232142857142857,0.3482142857142857,0.0,39,0
speaker,D_5011,XLS-R+Nes2Net,within_group,418,418,50,368,2.2228260869565224,0.024456521739130436,0.02,9,1
speaker,D_2016,XLS-R+AASIST,within_group,378,378,50,328,2.2195121951219523,0.042682926829268296,0.0,14,0
speaker,D_3015,XLS-R+AASIST,within_group,426,426,50,376,2.1968085106382986,0.034574468085106384,0.0,13,0
speaker,D_0756,XLS-R+Nes2Net,within_group,306,306,50,256,2.171875000000001,0.0078125,0.04,2,2
speaker,D_2721,XLS-R+Nes2Net,within_group,442,442,50,392,2.1479591836734704,0.04591836734693878,0.0,18,0
speaker,D_0244,XLS-R+AASIST,within_group,530,530,50,480,2.1458333333333344,0.029166666666666667,0.02,14,1
speaker,D_0358,XLS-R+AASIST,within_group,402,402,50,352,2.136363636363637,0.03977272727272727,0.0,14,0
speaker,D_3293,XLS-R+AASIST,within_group,418,418,50,368,2.0869565217391313,0.02717391304347826,0.0,10,0
speaker,D_4676,XLS-R+AASIST,within_group,378,378,50,328,2.0670731707317085,0.039634146341463415,0.02,13,1
speaker,D_3337,XLS-R+Nes2Net,within_group,426,426,50,376,2.0638297872340434,0.02925531914893617,0.0,11,0
speaker,D_3983,XLS-R+AASIST,within_group,426,426,50,376,2.0638297872340434,0.034574468085106384,0.0,13,0
speaker,D_0244,XLS-R+Nes2Net,within_group,530,530,50,480,2.0416666666666674,0.01875,0.04,9,2
speaker,D_1458,XLS-R+AASIST,within_group,434,434,50,384,2.0416666666666674,0.044270833333333336,0.0,17,0
speaker,D_3501,XLS-R+Nes2Net,within_group,434,434,50,384,2.0416666666666674,0.0026041666666666665,0.02,1,1
speaker,D_5006,XLS-R+AASIST,within_group,434,434,50,384,2.0416666666666674,0.015625,0.02,6,1
speaker,D_3361,XLS-R+AASIST,within_group,386,386,50,336,2.0416666666666674,0.023809523809523808,0.0,8,0
speaker,D_2203,XLS-R+AASIST,within_group,338,338,50,288,2.0416666666666674,0.017361111111111112,0.04,5,2
speaker,D_2721,XLS-R+AASIST,within_group,442,442,50,392,2.020408163265307,0.05357142857142857,0.0,21,0
speaker,D_0913,XLS-R+AASIST,within_group,394,394,50,344,2.017441860465117,0.020348837209302327,0.02,7,1
speaker,D_1756,XLS-R+AASIST,within_group,394,394,50,344,2.017441860465117,0.023255813953488372,0.0,8,0
speaker,D_4619,XLS-R+AASIST,within_group,394,394,50,344,2.017441860465117,0.03197674418604651,0.02,11,1
speaker,D_5169,XLS-R+AASIST,within_group,298,298,50,248,2.008064516129033,0.020161290322580645,0.02,5,1
speaker,D_5025,XLS-R+AASIST,within_group,354,354,50,304,1.9868421052631586,0.029605263157894735,0.0,9,0
speaker,D_0756,XLS-R+AASIST,within_group,306,306,50,256,1.9765625000000009,0.0234375,0.02,6,1
speaker,D_0123,XLS-R+Nes2Net,within_group,160,160,8,152,1.9736842105263157,0.02631578947368421,0.125,4,1
speaker,D_2788,XLS-R+Nes2Net,within_group,131,131,3,128,1.953125,0.0703125,0.0,9,0
speaker,D_1729,XLS-R+AASIST,within_group,418,418,50,368,1.9510869565217401,0.019021739130434784,0.0,7,0
speaker,D_2654,XLS-R+Nes2Net,within_group,314,314,50,264,1.9469696969696977,0.030303030303030304,0.02,8,1
speaker,D_2330,XLS-R+Nes2Net,within_group,474,474,50,424,1.943396226415095,0.03537735849056604,0.02,15,1
speaker,D_2089,XLS-R+AASIST,within_group,370,370,50,320,1.937500000000001,0.025,0.0,8,0
speaker,D_3983,XLS-R+Nes2Net,within_group,426,426,50,376,1.930851063829788,0.026595744680851064,0.0,10,0
speaker,D_0605,XLS-R+AASIST,within_group,386,386,50,336,1.8928571428571437,0.017857142857142856,0.0,6,0
speaker,D_1261,XLS-R+Nes2Net,within_group,338,338,50,288,1.8680555555555565,0.027777777777777776,0.02,8,1
speaker,D_5080,XLS-R+AASIST,within_group,338,338,50,288,1.8680555555555565,0.027777777777777776,0.02,8,1
speaker,D_0637,XLS-R+AASIST,within_group,410,410,50,360,1.833333333333334,0.03611111111111111,0.0,13,0
speaker,D_1708,XLS-R+AASIST,within_group,290,290,50,240,1.833333333333334,0.025,0.0,6,0
speaker,D_5052,XLS-R+AASIST,within_group,362,362,50,312,1.801282051282052,0.022435897435897436,0.0,7,0
speaker,D_0430,XLS-R+AASIST,within_group,426,426,50,376,1.7978723404255326,0.023936170212765957,0.0,9,0
speaker,D_2809,XLS-R+Nes2Net,within_group,426,426,50,376,1.7978723404255326,0.031914893617021274,0.02,12,1
speaker,D_5163,XLS-R+Nes2Net,within_group,434,434,50,384,1.7812500000000009,0.018229166666666668,0.0,7,0
speaker,D_0537,XLS-R+AASIST,within_group,242,242,50,192,1.7812500000000009,0.020833333333333332,0.0,4,0
speaker,D_3192,XLS-R+AASIST,within_group,314,314,50,264,1.7575757575757585,0.030303030303030304,0.0,8,0
speaker,D_0605,XLS-R+Nes2Net,within_group,386,386,50,336,1.74404761904762,0.01488095238095238,0.02,5,1
speaker,D_2419,XLS-R+AASIST,within_group,386,386,50,336,1.74404761904762,0.023809523809523808,0.02,8,1
speaker,D_1637,AASIST3,within_group,322,322,50,272,1.7352941176470598,0.24632352941176472,0.0,67,0
speaker,D_5049,XLS-R+AASIST,within_group,158,158,38,120,1.7324561403508756,0.008333333333333333,0.07894736842105263,1,3
speaker,D_1483,XLS-R+AASIST,within_group,394,394,50,344,1.7267441860465125,0.02616279069767442,0.0,9,0
speaker,D_0383,XLS-R+AASIST,within_group,330,330,50,280,1.714285714285715,0.014285714285714285,0.0,4,0
speaker,D_0301,XLS-R+AASIST,within_group,402,402,50,352,1.7102272727272736,0.014204545454545454,0.0,5,0
speaker,D_4010,XLS-R+AASIST,within_group,402,402,50,352,1.7102272727272736,0.019886363636363636,0.0,7,0
speaker,D_2947,XLS-R+Nes2Net,within_group,346,346,50,296,1.6756756756756765,0.02364864864864865,0.0,7,0
speaker,D_5076,XLS-R+AASIST,within_group,426,426,50,376,1.6648936170212774,0.023936170212765957,0.0,9,0
speaker,D_5462,XLS-R+Nes2Net,within_group,426,426,50,376,1.6648936170212774,0.02127659574468085,0.0,8,0
speaker,D_1068,XLS-R+AASIST,within_group,354,354,50,304,1.6578947368421062,0.029605263157894735,0.0,9,0
speaker,D_4160,XLS-R+AASIST,within_group,354,354,50,304,1.6578947368421062,0.006578947368421052,0.06,2,3
speaker,D_4228,XLS-R+Nes2Net,within_group,282,282,50,232,1.646551724137932,0.01293103448275862,0.02,3,1
speaker,D_0487,XLS-R+AASIST,within_group,362,362,50,312,1.6410256410256416,0.04487179487179487,0.0,14,0
speaker,D_2919,XLS-R+Nes2Net,within_group,450,450,50,400,1.6250000000000007,0.0275,0.0,11,0
speaker,D_2327,XLS-R+AASIST,within_group,370,370,50,320,1.6250000000000007,0.021875,0.02,7,1
speaker,D_4224,XLS-R+Nes2Net,within_group,466,466,50,416,1.6009615384615392,0.026442307692307692,0.02,11,1
speaker,D_0985,XLS-R+Nes2Net,within_group,394,394,50,344,1.5813953488372101,0.02616279069767442,0.02,9,1
speaker,D_1495,XLS-R+AASIST,within_group,394,394,50,344,1.5813953488372101,0.03488372093023256,0.0,12,0
speaker,D_2751,XLS-R+AASIST,within_group,394,394,50,344,1.5813953488372101,0.023255813953488372,0.0,8,0
speaker,D_2654,XLS-R+AASIST,within_group,314,314,50,264,1.5681818181818192,0.022727272727272728,0.0,6,0
speaker,D_2788,LFCC+LCNN,within_group,131,131,3,128,1.5625,0.1875,0.0,24,0
speaker,D_0582,AASIST3,within_group,100,100,4,96,1.5625,0.13541666666666666,0.0,13,0
speaker,D_0637,XLS-R+Nes2Net,within_group,410,410,50,360,1.5555555555555565,0.027777777777777776,0.0,10,0
speaker,D_3576,XLS-R+AASIST,within_group,322,322,50,272,1.551470588235295,0.03308823529411765,0.0,9,0
speaker,D_3606,XLS-R+AASIST,within_group,234,234,50,184,1.543478260869566,0.04891304347826087,0.0,9,0
speaker,D_5214,XLS-R+AASIST,within_group,426,426,50,376,1.5319148936170222,0.023936170212765957,0.0,9,0
speaker,D_3911,XLS-R+AASIST,within_group,442,442,50,392,1.5102040816326538,0.02806122448979592,0.0,11,0
speaker,D_0903,XLS-R+Nes2Net,within_group,450,450,50,400,1.5000000000000009,0.0125,0.02,5,1
speaker,D_1989,XLS-R+Nes2Net,within_group,258,258,50,208,1.4807692307692317,0.028846153846153848,0.02,6,1
speaker,D_3309,XLS-R+Nes2Net,within_group,154,154,50,104,1.4807692307692317,0.009615384615384616,0.02,1,1
speaker,D_0488,XLS-R+AASIST,within_group,498,498,50,448,1.4464285714285723,0.013392857142857142,0.02,6,1
speaker,D_3501,XLS-R+AASIST,within_group,434,434,50,384,1.4322916666666665,0.020833333333333332,0.08,8,4
speaker,D_3644,XLS-R+Nes2Net,within_group,155,155,35,120,1.428571428571429,0.008333333333333333,0.02857142857142857,1,1
speaker,D_4010,XLS-R+Nes2Net,within_group,402,402,50,352,1.4261363636363644,0.019886363636363636,0.02,7,1
speaker,D_2835,XLS-R+Nes2Net,within_group,298,298,50,248,1.4032258064516139,0.012096774193548387,0.02,3,1
speaker,D_3015,XLS-R+Nes2Net,within_group,426,426,50,376,1.3989361702127667,0.023936170212765957,0.02,9,1
speaker,D_1957,XLS-R+AASIST,within_group,450,450,50,400,1.3750000000000009,0.045,0.0,18,0
speaker,D_5377,XLS-R+AASIST,within_group,123,123,11,112,1.3392857142857142,0.017857142857142856,0.09090909090909091,2,1
speaker,D_4116,LFCC+LCNN,within_group,119,119,7,112,1.3392857142857142,0.26785714285714285,0.0,30,0
speaker,D_1319,AASIST3,within_group,113,113,1,112,1.3392857142857142,0.15178571428571427,0.0,17,0
speaker,D_5049,XLS-R+Nes2Net,within_group,158,158,38,120,1.315789473684209,0.008333333333333333,0.02631578947368421,1,1
speaker,D_4676,XLS-R+Nes2Net,within_group,378,378,50,328,1.3048780487804885,0.018292682926829267,0.02,6,1
speaker,D_3361,XLS-R+Nes2Net,within_group,386,386,50,336,1.2976190476190486,0.017857142857142856,0.02,6,1
speaker,D_0538,AASIST3,within_group,134,134,14,120,1.25,0.4083333333333333,0.0,49,0
speaker,D_1045,XLS-R+AASIST,within_group,426,426,50,376,1.196808510638298,0.0425531914893617,0.0,16,0
speaker,D_5080,XLS-R+Nes2Net,within_group,338,338,50,288,1.173611111111112,0.010416666666666666,0.02,3,1
speaker,D_1125,XLS-R+Nes2Net,within_group,149,149,21,128,1.171875,0.015625,0.047619047619047616,2,1
speaker,D_2788,XLS-R+AASIST,within_group,131,131,3,128,1.171875,0.0625,0.0,8,0
speaker,D_1068,XLS-R+Nes2Net,within_group,354,354,50,304,1.1644736842105272,0.01644736842105263,0.02,5,1
speaker,D_5052,XLS-R+Nes2Net,within_group,362,362,50,312,1.160256410256411,0.022435897435897436,0.02,7,1
speaker,D_0152,XLS-R+Nes2Net,within_group,378,378,50,328,1.1524390243902447,0.024390243902439025,0.02,8,1
speaker,D_1445,XLS-R+AASIST,within_group,394,394,50,344,1.145348837209303,0.02616279069767442,0.02,9,1
speaker,D_5204,XLS-R+AASIST,within_group,394,394,50,344,1.145348837209303,0.023255813953488372,0.02,8,1
speaker,D_5368,XLS-R+Nes2Net,within_group,410,410,50,360,1.1388888888888897,0.005555555555555556,0.02,2,1
speaker,D_1054,XLS-R+Nes2Net,within_group,164,164,44,120,1.1363636363636354,0.025,0.022727272727272728,3,1
speaker,D_5006,XLS-R+Nes2Net,within_group,434,434,50,384,1.1302083333333344,0.015625,0.02,6,1
speaker,D_0323,XLS-R+AASIST,within_group,426,426,50,376,1.0638297872340425,0.047872340425531915,0.0,18,0
speaker,D_1112,XLS-R+AASIST,within_group,290,290,50,240,1.0416666666666665,0.041666666666666664,0.0,10,0
speaker,D_1468,AASIST3,within_group,107,107,11,96,1.0416666666666665,0.3541666666666667,0.0,34,0
speaker,D_0400,XLS-R+Nes2Net,within_group,410,410,50,360,1.0000000000000009,0.022222222222222223,0.02,8,1
speaker,D_1039,XLS-R+Nes2Net,within_group,402,402,50,352,1.0000000000000009,0.014204545454545454,0.02,5,1
speaker,D_3166,XLS-R+Nes2Net,within_group,386,386,50,336,1.0000000000000009,0.008928571428571428,0.02,3,1
speaker,D_4160,XLS-R+Nes2Net,within_group,354,354,50,304,1.0000000000000009,0.01644736842105263,0.02,5,1
speaker,D_3933,XLS-R+Nes2Net,within_group,290,290,50,240,1.0000000000000009,0.0125,0.02,3,1
speaker,D_3986,XLS-R+Nes2Net,within_group,290,290,50,240,1.0000000000000009,0.016666666666666666,0.02,4,1
speaker,D_1612,XLS-R+Nes2Net,within_group,282,282,50,232,1.0000000000000009,0.01293103448275862,0.02,3,1
speaker,D_4228,XLS-R+AASIST,within_group,282,282,50,232,1.0000000000000009,0.01293103448275862,0.02,3,1
speaker,D_0865,XLS-R+Nes2Net,within_group,242,242,50,192,1.0000000000000009,0.005208333333333333,0.02,1,1
speaker,D_4737,XLS-R+AASIST,within_group,242,242,50,192,1.0000000000000009,0.0,0.02,0,1
speaker,D_1045,XLS-R+Nes2Net,within_group,426,426,50,376,0.9308510638297872,0.0398936170212766,0.0,15,0
speaker,D_4116,XLS-R+AASIST,within_group,119,119,7,112,0.8928571428571428,0.0625,0.0,7,0
speaker,D_0164,XLS-R+Nes2Net,within_group,410,410,50,360,0.8333333333333334,0.044444444444444446,0.0,16,0
speaker,D_4719,XLS-R+AASIST,within_group,143,143,23,120,0.8333333333333334,0.03333333333333333,0.0,4,0
speaker,D_1566,XLS-R+Nes2Net,within_group,362,362,50,312,0.8012820512820512,0.04807692307692308,0.0,15,0
speaker,D_2371,XLS-R+AASIST,within_group,386,386,50,336,0.744047619047619,0.03273809523809524,0.0,11,0
speaker,D_2544,XLS-R+AASIST,within_group,172,172,36,136,0.7352941176470588,0.03676470588235294,0.0,5,0
speaker,D_4224,XLS-R+AASIST,within_group,466,466,50,416,0.7211538461538461,0.021634615384615384,0.0,9,0
speaker,D_0123,AASIST3,within_group,160,160,8,152,0.6578947368421052,0.23026315789473684,0.0,35,0
speaker,D_4831,XLS-R+Nes2Net,within_group,104,104,24,80,0.625,0.0125,0.0,1,0
speaker,D_0985,XLS-R+AASIST,within_group,394,394,50,344,0.5813953488372093,0.03488372093023256,0.0,12,0
speaker,D_1896,XLS-R+AASIST,within_group,135,135,47,88,0.5681818181818182,0.03409090909090909,0.0,3,0
speaker,D_5308,XLS-R+Nes2Net,within_group,94,94,6,88,0.5681818181818182,0.011363636363636364,0.0,1,0
speaker,D_5308,XLS-R+AASIST,within_group,94,94,6,88,0.5681818181818182,0.022727272727272728,0.0,2,0
speaker,D_1569,XLS-R+Nes2Net,within_group,90,90,2,88,0.5681818181818182,0.03409090909090909,0.0,3,0
speaker,D_1569,XLS-R+AASIST,within_group,90,90,2,88,0.5681818181818182,0.045454545454545456,0.0,4,0
speaker,D_5236,XLS-R+AASIST,within_group,418,418,50,368,0.5434782608695652,0.008152173913043478,0.08,3,4
speaker,D_2736,XLS-R+Nes2Net,within_group,330,330,50,280,0.5357142857142857,0.014285714285714285,0.0,4,0
speaker,D_1341,XLS-R+AASIST,within_group,426,426,50,376,0.5319148936170213,0.026595744680851064,0.0,10,0
speaker,D_5462,XLS-R+AASIST,within_group,426,426,50,376,0.5319148936170213,0.023936170212765957,0.0,9,0
speaker,D_2236,XLS-R+AASIST,within_group,134,134,38,96,0.5208333333333333,0.020833333333333332,0.0,2,0
speaker,D_4660,XLS-R+Nes2Net,within_group,127,127,31,96,0.5208333333333333,0.010416666666666666,0.0,1,0
speaker,D_5121,XLS-R+Nes2Net,within_group,112,112,16,96,0.5208333333333333,0.010416666666666666,0.0,1,0
speaker,D_2621,XLS-R+AASIST,within_group,450,450,50,400,0.5,0.01,0.0,4,0
speaker,D_3406,XLS-R+AASIST,within_group,450,450,50,400,0.5,0.04,0.0,16,0
speaker,D_0427,XLS-R+AASIST,within_group,250,250,50,200,0.5,0.04,0.0,8,0
speaker,D_3175,XLS-R+AASIST,within_group,354,354,50,304,0.4934210526315789,0.03618421052631579,0.0,11,0
speaker,D_3737,XLS-R+AASIST,within_group,458,458,50,408,0.49019607843137253,0.03431372549019608,0.0,14,0
speaker,D_5066,XLS-R+Nes2Net,within_group,362,362,50,312,0.4807692307692308,0.019230769230769232,0.0,6,0
speaker,D_0375,XLS-R+Nes2Net,within_group,258,258,50,208,0.4807692307692308,0.02403846153846154,0.0,5,0
speaker,D_3609,XLS-R+Nes2Net,within_group,258,258,50,208,0.4807692307692308,0.02403846153846154,0.0,5,0
speaker,D_3609,XLS-R+AASIST,within_group,258,258,50,208,0.4807692307692308,0.02403846153846154,0.0,5,0
speaker,D_5388,XLS-R+AASIST,within_group,370,370,50,320,0.46875,0.028125,0.0,9,0
speaker,D_3425,XLS-R+Nes2Net,within_group,266,266,50,216,0.4629629629629629,0.018518518518518517,0.0,4,0
speaker,D_1951,XLS-R+Nes2Net,within_group,160,160,48,112,0.4464285714285714,0.026785714285714284,0.0,3,0
speaker,D_1951,XLS-R+AASIST,within_group,160,160,48,112,0.4464285714285714,0.026785714285714284,0.0,3,0
speaker,D_4593,XLS-R+Nes2Net,within_group,155,155,43,112,0.4464285714285714,0.017857142857142856,0.0,2,0
speaker,D_1319,XLS-R+AASIST,within_group,113,113,1,112,0.4464285714285714,0.008928571428571428,0.0,1,0
speaker,D_0913,XLS-R+Nes2Net,within_group,394,394,50,344,0.436046511627907,0.011627906976744186,0.0,4,0
speaker,D_4511,XLS-R+AASIST,within_group,394,394,50,344,0.436046511627907,0.029069767441860465,0.0,10,0
speaker,D_1039,XLS-R+AASIST,within_group,402,402,50,352,0.4261363636363636,0.028409090909090908,0.0,10,0
speaker,D_2415,XLS-R+Nes2Net,within_group,402,402,50,352,0.4261363636363636,0.019886363636363636,0.0,7,0
speaker,D_4321,XLS-R+Nes2Net,within_group,402,402,50,352,0.4261363636363636,0.022727272727272728,0.0,8,0
speaker,D_4865,XLS-R+Nes2Net,within_group,402,402,50,352,0.4261363636363636,0.017045454545454544,0.0,6,0
speaker,D_0400,XLS-R+AASIST,within_group,410,410,50,360,0.4166666666666667,0.022222222222222223,0.0,8,0
speaker,D_2422,XLS-R+Nes2Net,within_group,410,410,50,360,0.4166666666666667,0.019444444444444445,0.0,7,0
speaker,D_2422,XLS-R+AASIST,within_group,410,410,50,360,0.4166666666666667,0.022222222222222223,0.0,8,0
speaker,D_4653,XLS-R+Nes2Net,within_group,410,410,50,360,0.4166666666666667,0.022222222222222223,0.0,8,0
speaker,D_4653,XLS-R+AASIST,within_group,410,410,50,360,0.4166666666666667,0.022222222222222223,0.0,8,0
speaker,D_4870,XLS-R+Nes2Net,within_group,410,410,50,360,0.4166666666666667,0.022222222222222223,0.0,8,0
speaker,D_4870,XLS-R+AASIST,within_group,410,410,50,360,0.4166666666666667,0.019444444444444445,0.0,7,0
speaker,D_1112,XLS-R+Nes2Net,within_group,290,290,50,240,0.4166666666666667,0.0375,0.0,9,0
speaker,D_3986,XLS-R+AASIST,within_group,290,290,50,240,0.4166666666666667,0.025,0.0,6,0
speaker,D_3885,XLS-R+Nes2Net,within_group,147,147,27,120,0.4166666666666667,0.016666666666666666,0.0,2,0
speaker,D_3885,XLS-R+AASIST,within_group,147,147,27,120,0.4166666666666667,0.016666666666666666,0.0,2,0
speaker,D_4719,XLS-R+Nes2Net,within_group,143,143,23,120,0.4166666666666667,0.041666666666666664,0.0,5,0
speaker,D_0538,XLS-R+AASIST,within_group,134,134,14,120,0.4166666666666667,0.025,0.0,3,0
speaker,D_3206,XLS-R+Nes2Net,within_group,127,127,7,120,0.4166666666666667,0.025,0.0,3,0
speaker,D_3219,AASIST3,within_group,125,125,5,120,0.4166666666666667,0.30833333333333335,0.0,37,0
speaker,D_3975,LFCC+LCNN,within_group,122,122,2,120,0.4166666666666667,0.18333333333333332,0.0,22,0
speaker,D_3975,AASIST3,within_group,122,122,2,120,0.4166666666666667,0.275,0.0,33,0
speaker,D_0802,XLS-R+Nes2Net,within_group,418,418,50,368,0.4076086956521739,0.021739130434782608,0.0,8,0
speaker,D_2206,XLS-R+AASIST,within_group,418,418,50,368,0.4076086956521739,0.021739130434782608,0.0,8,0
speaker,D_0430,XLS-R+Nes2Net,within_group,426,426,50,376,0.39893617021276595,0.018617021276595744,0.0,7,0
speaker,D_2519,XLS-R+AASIST,within_group,426,426,50,376,0.39893617021276595,0.02127659574468085,0.0,8,0
speaker,D_4137,XLS-R+AASIST,within_group,426,426,50,376,0.39893617021276595,0.026595744680851064,0.0,10,0
speaker,D_5076,XLS-R+Nes2Net,within_group,426,426,50,376,0.39893617021276595,0.013297872340425532,0.0,5,0
speaker,D_0177,XLS-R+AASIST,within_group,434,434,50,384,0.390625,0.028645833333333332,0.0,11,0
speaker,D_0962,XLS-R+AASIST,within_group,434,434,50,384,0.390625,0.041666666666666664,0.0,16,0
speaker,D_2338,XLS-R+AASIST,within_group,434,434,50,384,0.390625,0.0234375,0.0,9,0
speaker,D_2731,XLS-R+Nes2Net,within_group,306,306,50,256,0.390625,0.0078125,0.0,2,0
speaker,D_5292,XLS-R+Nes2Net,within_group,306,306,50,256,0.390625,0.0234375,0.0,6,0
speaker,D_4363,XLS-R+Nes2Net,within_group,178,178,50,128,0.390625,0.0078125,0.0,1,0
speaker,D_4363,XLS-R+AASIST,within_group,178,178,50,128,0.390625,0.015625,0.0,2,0
speaker,D_1303,XLS-R+Nes2Net,within_group,154,154,26,128,0.390625,0.0078125,0.0,1,0
speaker,D_1303,XLS-R+AASIST,within_group,154,154,26,128,0.390625,0.03125,0.0,4,0
speaker,D_5355,AASIST3,within_group,142,142,14,128,0.390625,0.15625,0.0,20,0
speaker,D_5355,XLS-R+Nes2Net,within_group,142,142,14,128,0.390625,0.0390625,0.0,5,0
speaker,D_2245,XLS-R+Nes2Net,within_group,132,132,4,128,0.390625,0.0546875,0.0,7,0
speaker,D_2245,XLS-R+AASIST,within_group,132,132,4,128,0.390625,0.03125,0.0,4,0
speaker,D_2345,XLS-R+Nes2Net,within_group,442,442,50,392,0.3826530612244898,0.025510204081632654,0.0,10,0
speaker,D_0062,XLS-R+AASIST,within_group,314,314,50,264,0.3787878787878788,0.03787878787878788,0.0,10,0
speaker,D_2092,XLS-R+AASIST,within_group,314,314,50,264,0.3787878787878788,0.022727272727272728,0.0,6,0
speaker,D_3192,XLS-R+Nes2Net,within_group,314,314,50,264,0.3787878787878788,0.022727272727272728,0.0,6,0
speaker,D_1957,XLS-R+Nes2Net,within_group,450,450,50,400,0.375,0.04,0.0,16,0
speaker,D_2919,XLS-R+AASIST,within_group,450,450,50,400,0.375,0.0375,0.0,15,0
speaker,D_3576,XLS-R+Nes2Net,within_group,322,322,50,272,0.3676470588235294,0.007352941176470588,0.0,2,0
speaker,D_2544,XLS-R+Nes2Net,within_group,172,172,36,136,0.3676470588235294,0.029411764705882353,0.0,4,0
speaker,D_4574,XLS-R+AASIST,within_group,165,165,29,136,0.3676470588235294,0.04411764705882353,0.0,6,0
speaker,D_2825,XLS-R+AASIST,within_group,154,154,18,136,0.3676470588235294,0.014705882352941176,0.0,2,0
speaker,D_0293,XLS-R+AASIST,within_group,346,346,50,296,0.33783783783783783,0.010135135135135136,0.0,3,0
speaker,D_0486,XLS-R+AASIST,within_group,346,346,50,296,0.33783783783783783,0.02702702702702703,0.0,8,0
speaker,D_1631,XLS-R+AASIST,within_group,346,346,50,296,0.33783783783783783,0.033783783783783786,0.0,10,0
speaker,D_3602,XLS-R+Nes2Net,within_group,346,346,50,296,0.33783783783783783,0.016891891891891893,0.0,5,0
speaker,D_3602,XLS-R+AASIST,within_group,346,346,50,296,0.33783783783783783,0.02364864864864865,0.0,7,0
speaker,D_5025,XLS-R+Nes2Net,within_group,354,354,50,304,0.3289473684210526,0.03289473684210526,0.0,10,0
speaker,D_0123,XLS-R+AASIST,within_group,160,160,8,152,0.3289473684210526,0.02631578947368421,0.0,4,0
speaker,D_0151,XLS-R+AASIST,within_group,362,362,50,312,0.3205128205128205,0.00641025641025641,0.0,2,0
speaker,D_0296,XLS-R+Nes2Net,within_group,362,362,50,312,0.3205128205128205,0.00641025641025641,0.0,2,0
speaker,D_2089,XLS-R+Nes2Net,within_group,370,370,50,320,0.3125,0.01875,0.0,6,0
speaker,D_0283,XLS-R+Nes2Net,within_group,198,198,38,160,0.3125,0.025,0.0,4,0
speaker,D_0283,XLS-R+AASIST,within_group,198,198,38,160,0.3125,0.03125,0.0,5,0
speaker,D_0152,XLS-R+AASIST,within_group,378,378,50,328,0.3048780487804878,0.04573170731707317,0.0,15,0
speaker,D_4173,XLS-R+Nes2Net,within_group,394,394,50,344,0.29069767441860467,0.029069767441860465,0.0,10,0
speaker,D_4173,XLS-R+AASIST,within_group,394,394,50,344,0.29069767441860467,0.023255813953488372,0.0,8,0
speaker,D_2415,XLS-R+AASIST,within_group,402,402,50,352,0.2840909090909091,0.03977272727272727,0.0,14,0
speaker,D_2629,XLS-R+Nes2Net,within_group,402,402,50,352,0.2840909090909091,0.008522727272727272,0.0,3,0
speaker,D_4865,XLS-R+AASIST,within_group,402,402,50,352,0.2840909090909091,0.017045454545454544,0.0,6,0
speaker,D_5143,XLS-R+AASIST,within_group,402,402,50,352,0.2840909090909091,0.019886363636363636,0.0,7,0
speaker,D_1026,XLS-R+Nes2Net,within_group,410,410,50,360,0.2777777777777778,0.016666666666666666,0.0,6,0
speaker,D_0802,XLS-R+AASIST,within_group,418,418,50,368,0.2717391304347826,0.019021739130434784,0.0,7,0
speaker,D_0976,XLS-R+AASIST,within_group,418,418,50,368,0.2717391304347826,0.02717391304347826,0.0,10,0
speaker,D_2206,XLS-R+Nes2Net,within_group,418,418,50,368,0.2717391304347826,0.03260869565217391,0.0,12,0
speaker,D_3293,XLS-R+Nes2Net,within_group,418,418,50,368,0.2717391304347826,0.016304347826086956,0.0,6,0
speaker,D_4814,XLS-R+AASIST,within_group,418,418,50,368,0.2717391304347826,0.01358695652173913,0.0,5,0
speaker,D_0750,XLS-R+AASIST,within_group,234,234,50,184,0.2717391304347826,0.03260869565217391,0.0,6,0
speaker,D_1002,XLS-R+Nes2Net,within_group,426,426,50,376,0.26595744680851063,0.018617021276595744,0.0,7,0
speaker,D_2519,XLS-R+Nes2Net,within_group,426,426,50,376,0.26595744680851063,0.02925531914893617,0.0,11,0
speaker,D_0177,XLS-R+Nes2Net,within_group,434,434,50,384,0.26041666666666663,0.026041666666666668,0.0,10,0
speaker,D_0729,XLS-R+Nes2Net,within_group,434,434,50,384,0.26041666666666663,0.026041666666666668,0.0,10,0
speaker,D_0962,XLS-R+Nes2Net,within_group,434,434,50,384,0.26041666666666663,0.026041666666666668,0.0,10,0
speaker,D_4737,XLS-R+Nes2Net,within_group,242,242,50,192,0.26041666666666663,0.005208333333333333,0.0,1,0
speaker,D_2345,XLS-R+AASIST,within_group,442,442,50,392,0.25510204081632654,0.02295918367346939,0.0,9,0
speaker,D_3911,XLS-R+Nes2Net,within_group,442,442,50,392,0.25510204081632654,0.017857142857142856,0.0,7,0
speaker,D_2621,XLS-R+Nes2Net,within_group,450,450,50,400,0.25,0.0175,0.0,7,0
speaker,D_3406,XLS-R+Nes2Net,within_group,450,450,50,400,0.25,0.0375,0.0,15,0
speaker,D_0427,XLS-R+Nes2Net,within_group,250,250,50,200,0.25,0.03,0.0,6,0
speaker,D_4485,XLS-R+Nes2Net,within_group,250,250,50,200,0.25,0.025,0.0,5,0
speaker,D_4485,XLS-R+AASIST,within_group,250,250,50,200,0.25,0.035,0.0,7,0
speaker,D_0375,XLS-R+AASIST,within_group,258,258,50,208,0.2403846153846154,0.02403846153846154,0.0,5,0
speaker,D_1989,XLS-R+AASIST,within_group,258,258,50,208,0.2403846153846154,0.02403846153846154,0.0,5,0
speaker,D_3425,XLS-R+AASIST,within_group,266,266,50,216,0.23148148148148145,0.032407407407407406,0.0,7,0
speaker,D_4825,XLS-R+AASIST,within_group,266,266,50,216,0.23148148148148145,0.018518518518518517,0.0,4,0
speaker,D_1837,XLS-R+Nes2Net,within_group,274,274,50,224,0.2232142857142857,0.008928571428571428,0.0,2,0
speaker,D_1837,XLS-R+AASIST,within_group,274,274,50,224,0.2232142857142857,0.008928571428571428,0.0,2,0
speaker,D_1612,XLS-R+AASIST,within_group,282,282,50,232,0.21551724137931033,0.01293103448275862,0.0,3,0
speaker,D_1708,XLS-R+Nes2Net,within_group,290,290,50,240,0.20833333333333334,0.016666666666666666,0.0,4,0
speaker,D_2364,XLS-R+Nes2Net,within_group,290,290,50,240,0.20833333333333334,0.0125,0.0,3,0
speaker,D_4847,XLS-R+AASIST,within_group,290,290,50,240,0.20833333333333334,0.025,0.0,6,0
speaker,D_5347,XLS-R+AASIST,within_group,298,298,50,248,0.20161290322580644,0.020161290322580645,0.0,5,0
speaker,D_1432,XLS-R+Nes2Net,within_group,306,306,50,256,0.1953125,0.01953125,0.0,5,0
speaker,D_1432,XLS-R+AASIST,within_group,306,306,50,256,0.1953125,0.015625,0.0,4,0
speaker,D_2731,XLS-R+AASIST,within_group,306,306,50,256,0.1953125,0.01171875,0.0,3,0
speaker,D_2092,XLS-R+Nes2Net,within_group,314,314,50,264,0.1893939393939394,0.011363636363636364,0.0,3,0
speaker,D_2095,XLS-R+AASIST,within_group,314,314,50,264,0.1893939393939394,0.06060606060606061,0.0,16,0
speaker,D_2357,XLS-R+AASIST,within_group,314,314,50,264,0.1893939393939394,0.022727272727272728,0.0,6,0
speaker,D_0132,XLS-R+AASIST,within_group,330,330,50,280,0.17857142857142858,0.010714285714285714,0.0,3,0
speaker,D_2736,XLS-R+AASIST,within_group,330,330,50,280,0.17857142857142858,0.03214285714285714,0.0,9,0
speaker,D_4448,XLS-R+Nes2Net,within_group,330,330,50,280,0.17857142857142858,0.014285714285714285,0.0,4,0
speaker,D_4448,XLS-R+AASIST,within_group,330,330,50,280,0.17857142857142858,0.014285714285714285,0.0,4,0
speaker,D_4470,XLS-R+Nes2Net,within_group,330,330,50,280,0.17857142857142858,0.010714285714285714,0.0,3,0
speaker,D_4470,XLS-R+AASIST,within_group,330,330,50,280,0.17857142857142858,0.017857142857142856,0.0,5,0
speaker,D_4579,XLS-R+Nes2Net,within_group,330,330,50,280,0.17857142857142858,0.010714285714285714,0.0,3,0
speaker,D_2203,XLS-R+Nes2Net,within_group,338,338,50,288,0.1736111111111111,0.017361111111111112,0.0,5,0
speaker,D_0486,XLS-R+Nes2Net,within_group,346,346,50,296,0.16891891891891891,0.02027027027027027,0.0,6,0
speaker,D_1631,XLS-R+Nes2Net,within_group,346,346,50,296,0.16891891891891891,0.02027027027027027,0.0,6,0
speaker,D_4377,XLS-R+Nes2Net,within_group,354,354,50,304,0.1644736842105263,0.02631578947368421,0.0,8,0
speaker,D_5113,XLS-R+AASIST,within_group,354,354,50,304,0.1644736842105263,0.023026315789473683,0.0,7,0
speaker,D_0296,XLS-R+AASIST,within_group,362,362,50,312,0.16025641025641024,0.016025641025641024,0.0,5,0
speaker,D_0368,XLS-R+Nes2Net,within_group,362,362,50,312,0.16025641025641024,0.02564102564102564,0.0,8,0
speaker,D_5066,XLS-R+AASIST,within_group,362,362,50,312,0.16025641025641024,0.028846153846153848,0.0,9,0
speaker,D_0090,XLS-R+AASIST,within_group,370,370,50,320,0.15625,0.028125,0.0,9,0
speaker,D_3773,XLS-R+Nes2Net,within_group,370,370,50,320,0.15625,0.021875,0.0,7,0
speaker,D_3773,XLS-R+AASIST,within_group,370,370,50,320,0.15625,0.009375,0.0,3,0
speaker,D_5165,XLS-R+Nes2Net,within_group,370,370,50,320,0.15625,0.009375,0.0,3,0
speaker,D_5165,XLS-R+AASIST,within_group,370,370,50,320,0.15625,0.009375,0.0,3,0
speaker,D_5388,XLS-R+Nes2Net,within_group,370,370,50,320,0.15625,0.015625,0.0,5,0
speaker,D_2016,XLS-R+Nes2Net,within_group,378,378,50,328,0.1524390243902439,0.01524390243902439,0.0,5,0
speaker,D_3429,XLS-R+Nes2Net,within_group,378,378,50,328,0.1524390243902439,0.01524390243902439,0.0,5,0
speaker,D_1327,XLS-R+Nes2Net,within_group,386,386,50,336,0.1488095238095238,0.02976190476190476,0.0,10,0
speaker,D_1327,XLS-R+AASIST,within_group,386,386,50,336,0.1488095238095238,0.017857142857142856,0.0,6,0
speaker,D_3166,XLS-R+AASIST,within_group,386,386,50,336,0.1488095238095238,0.008928571428571428,0.0,3,0
speaker,D_3237,XLS-R+Nes2Net,within_group,386,386,50,336,0.1488095238095238,0.017857142857142856,0.0,6,0
speaker,D_4861,XLS-R+Nes2Net,within_group,386,386,50,336,0.1488095238095238,0.011904761904761904,0.0,4,0
speaker,D_4861,XLS-R+AASIST,within_group,386,386,50,336,0.1488095238095238,0.023809523809523808,0.0,8,0
speaker,D_1445,XLS-R+Nes2Net,within_group,394,394,50,344,0.14534883720930233,0.01744186046511628,0.0,6,0
speaker,D_1483,XLS-R+Nes2Net,within_group,394,394,50,344,0.14534883720930233,0.023255813953488372,0.0,8,0
speaker,D_1495,XLS-R+Nes2Net,within_group,394,394,50,344,0.14534883720930233,0.00872093023255814,0.0,3,0
speaker,D_1756,XLS-R+Nes2Net,within_group,394,394,50,344,0.14534883720930233,0.02616279069767442,0.0,9,0
speaker,D_2751,XLS-R+Nes2Net,within_group,394,394,50,344,0.14534883720930233,0.01744186046511628,0.0,6,0
speaker,D_0301,XLS-R+Nes2Net,within_group,402,402,50,352,0.14204545454545456,0.011363636363636364,0.0,4,0
speaker,D_1444,XLS-R+Nes2Net,within_group,402,402,50,352,0.14204545454545456,0.019886363636363636,0.0,7,0
speaker,D_1651,XLS-R+Nes2Net,within_group,402,402,50,352,0.14204545454545456,0.028409090909090908,0.0,10,0
speaker,D_1651,XLS-R+AASIST,within_group,402,402,50,352,0.14204545454545456,0.02556818181818182,0.0,9,0
speaker,D_3273,XLS-R+AASIST,within_group,402,402,50,352,0.14204545454545456,0.03977272727272727,0.0,14,0
speaker,D_5143,XLS-R+Nes2Net,within_group,402,402,50,352,0.14204545454545456,0.022727272727272728,0.0,8,0
speaker,D_0106,XLS-R+AASIST,within_group,410,410,50,360,0.1388888888888889,0.019444444444444445,0.0,7,0
speaker,D_1026,XLS-R+AASIST,within_group,410,410,50,360,0.1388888888888889,0.025,0.0,9,0
speaker,D_1228,XLS-R+AASIST,within_group,410,410,50,360,0.1388888888888889,0.002777777777777778,0.0,1,0
speaker,D_4236,XLS-R+Nes2Net,within_group,410,410,50,360,0.1388888888888889,0.019444444444444445,0.0,7,0
speaker,D_4236,XLS-R+AASIST,within_group,410,410,50,360,0.1388888888888889,0.03888888888888889,0.0,14,0
speaker,D_5316,XLS-R+Nes2Net,within_group,410,410,50,360,0.1388888888888889,0.011111111111111112,0.0,4,0
speaker,D_0407,XLS-R+Nes2Net,within_group,418,418,50,368,0.1358695652173913,0.019021739130434784,0.0,7,0
speaker,D_0407,XLS-R+AASIST,within_group,418,418,50,368,0.1358695652173913,0.029891304347826088,0.0,11,0
speaker,D_0546,XLS-R+Nes2Net,within_group,418,418,50,368,0.1358695652173913,0.01358695652173913,0.0,5,0
speaker,D_0546,XLS-R+AASIST,within_group,418,418,50,368,0.1358695652173913,0.005434782608695652,0.0,2,0
speaker,D_1729,XLS-R+Nes2Net,within_group,418,418,50,368,0.1358695652173913,0.010869565217391304,0.0,4,0
speaker,D_2073,XLS-R+AASIST,within_group,418,418,50,368,0.1358695652173913,0.024456521739130436,0.0,9,0
speaker,D_2968,XLS-R+Nes2Net,within_group,418,418,50,368,0.1358695652173913,0.016304347826086956,0.0,6,0
speaker,D_3593,XLS-R+Nes2Net,within_group,418,418,50,368,0.1358695652173913,0.008152173913043478,0.0,3,0
speaker,D_3593,XLS-R+AASIST,within_group,418,418,50,368,0.1358695652173913,0.010869565217391304,0.0,4,0
speaker,D_4814,XLS-R+Nes2Net,within_group,418,418,50,368,0.1358695652173913,0.01358695652173913,0.0,5,0
speaker,D_4932,XLS-R+Nes2Net,within_group,418,418,50,368,0.1358695652173913,0.016304347826086956,0.0,6,0
speaker,D_5283,XLS-R+AASIST,within_group,418,418,50,368,0.1358695652173913,0.04619565217391304,0.0,17,0
speaker,D_0059,XLS-R+AASIST,within_group,426,426,50,376,0.13297872340425532,0.0398936170212766,0.0,15,0
speaker,D_3337,XLS-R+AASIST,within_group,426,426,50,376,0.13297872340425532,0.023936170212765957,0.0,9,0
speaker,D_4137,XLS-R+Nes2Net,within_group,426,426,50,376,0.13297872340425532,0.023936170212765957,0.0,9,0
speaker,D_4384,XLS-R+Nes2Net,within_group,426,426,50,376,0.13297872340425532,0.02127659574468085,0.0,8,0
speaker,D_0729,XLS-R+AASIST,within_group,434,434,50,384,0.13020833333333331,0.041666666666666664,0.0,16,0
speaker,D_1458,XLS-R+Nes2Net,within_group,434,434,50,384,0.13020833333333331,0.049479166666666664,0.0,19,0
speaker,D_2338,XLS-R+Nes2Net,within_group,434,434,50,384,0.13020833333333331,0.020833333333333332,0.0,8,0
speaker,D_3497,XLS-R+Nes2Net,within_group,434,434,50,384,0.13020833333333331,0.026041666666666668,0.0,10,0
speaker,D_3497,XLS-R+AASIST,within_group,434,434,50,384,0.13020833333333331,0.013020833333333334,0.0,5,0
speaker,D_5057,XLS-R+Nes2Net,within_group,434,434,50,384,0.13020833333333331,0.010416666666666666,0.0,4,0
speaker,D_5057,XLS-R+AASIST,within_group,434,434,50,384,0.13020833333333331,0.015625,0.0,6,0
speaker,D_4767,XLS-R+AASIST,within_group,442,442,50,392,0.12755102040816327,0.017857142857142856,0.0,7,0
speaker,D_2740,XLS-R+Nes2Net,within_group,450,450,50,400,0.125,0.025,0.0,10,0
speaker,D_2740,XLS-R+AASIST,within_group,450,450,50,400,0.125,0.03,0.0,12,0
speaker,D_4006,XLS-R+Nes2Net,within_group,450,450,50,400,0.125,0.015,0.0,6,0
speaker,D_5480,XLS-R+Nes2Net,within_group,450,450,50,400,0.125,0.04,0.0,16,0
speaker,D_3098,XLS-R+Nes2Net,within_group,466,466,50,416,0.1201923076923077,0.009615384615384616,0.0,4,0
speaker,D_3457,XLS-R+AASIST,within_group,466,466,50,416,0.1201923076923077,0.014423076923076924,0.0,6,0
speaker,D_3931,XLS-R+Nes2Net,within_group,466,466,50,416,0.1201923076923077,0.01201923076923077,0.0,5,0
speaker,D_0956,XLS-R+Nes2Net,within_group,474,474,50,424,0.1179245283018868,0.02122641509433962,0.0,9,0
speaker,D_0956,XLS-R+AASIST,within_group,474,474,50,424,0.1179245283018868,0.04009433962264151,0.0,17,0
speaker,D_2266,XLS-R+Nes2Net,within_group,474,474,50,424,0.1179245283018868,0.02122641509433962,0.0,9,0
speaker,D_2266,XLS-R+AASIST,within_group,474,474,50,424,0.1179245283018868,0.02122641509433962,0.0,9,0
speaker,D_5157,XLS-R+Nes2Net,within_group,474,474,50,424,0.1179245283018868,0.014150943396226415,0.0,6,0
speaker,D_1217,XLS-R+AASIST,within_group,482,482,50,432,0.11574074074074073,0.016203703703703703,0.0,7,0
speaker,D_0496,XLS-R+Nes2Net,within_group,482,482,50,432,0.0,0.011574074074074073,0.0,5,0
speaker,D_0496,XLS-R+AASIST,within_group,482,482,50,432,0.0,0.013888888888888888,0.0,6,0
speaker,D_1217,XLS-R+Nes2Net,within_group,482,482,50,432,0.0,0.02546296296296296,0.0,11,0
speaker,D_2050,XLS-R+Nes2Net,within_group,474,474,50,424,0.0,0.014150943396226415,0.0,6,0
speaker,D_2050,XLS-R+AASIST,within_group,474,474,50,424,0.0,0.02122641509433962,0.0,9,0
speaker,D_5157,XLS-R+AASIST,within_group,474,474,50,424,0.0,0.01650943396226415,0.0,7,0
speaker,D_1667,XLS-R+Nes2Net,within_group,466,466,50,416,0.0,0.016826923076923076,0.0,7,0
speaker,D_1667,XLS-R+AASIST,within_group,466,466,50,416,0.0,0.02403846153846154,0.0,10,0
speaker,D_3098,XLS-R+AASIST,within_group,466,466,50,416,0.0,0.01201923076923077,0.0,5,0
speaker,D_3457,XLS-R+Nes2Net,within_group,466,466,50,416,0.0,0.019230769230769232,0.0,8,0
speaker,D_3931,XLS-R+AASIST,within_group,466,466,50,416,0.0,0.026442307692307692,0.0,11,0
speaker,D_4054,XLS-R+Nes2Net,within_group,466,466,50,416,0.0,0.007211538461538462,0.0,3,0
speaker,D_4054,XLS-R+AASIST,within_group,466,466,50,416,0.0,0.03125,0.0,13,0
speaker,D_4356,XLS-R+Nes2Net,within_group,466,466,50,416,0.0,0.009615384615384616,0.0,4,0
speaker,D_4356,XLS-R+AASIST,within_group,466,466,50,416,0.0,0.03365384615384615,0.0,14,0
speaker,D_0461,XLS-R+Nes2Net,within_group,458,458,50,408,0.0,0.0196078431372549,0.0,8,0
speaker,D_0461,XLS-R+AASIST,within_group,458,458,50,408,0.0,0.024509803921568627,0.0,10,0
speaker,D_0669,XLS-R+Nes2Net,within_group,458,458,50,408,0.0,0.01715686274509804,0.0,7,0
speaker,D_0669,XLS-R+AASIST,within_group,458,458,50,408,0.0,0.031862745098039214,0.0,13,0
speaker,D_1807,XLS-R+Nes2Net,within_group,458,458,50,408,0.0,0.014705882352941176,0.0,6,0
speaker,D_1807,XLS-R+AASIST,within_group,458,458,50,408,0.0,0.031862745098039214,0.0,13,0
speaker,D_2476,XLS-R+Nes2Net,within_group,458,458,50,408,0.0,0.00980392156862745,0.0,4,0
speaker,D_2476,XLS-R+AASIST,within_group,458,458,50,408,0.0,0.024509803921568627,0.0,10,0
speaker,D_2929,XLS-R+Nes2Net,within_group,458,458,50,408,0.0,0.004901960784313725,0.0,2,0
speaker,D_2929,XLS-R+AASIST,within_group,458,458,50,408,0.0,0.007352941176470588,0.0,3,0
speaker,D_3737,XLS-R+Nes2Net,within_group,458,458,50,408,0.0,0.01715686274509804,0.0,7,0
speaker,D_4006,XLS-R+AASIST,within_group,450,450,50,400,0.0,0.0175,0.0,7,0
speaker,D_4057,XLS-R+Nes2Net,within_group,450,450,50,400,0.0,0.0125,0.0,5,0
speaker,D_4057,XLS-R+AASIST,within_group,450,450,50,400,0.0,0.02,0.0,8,0
speaker,D_4276,XLS-R+Nes2Net,within_group,450,450,50,400,0.0,0.0125,0.0,5,0
speaker,D_4276,XLS-R+AASIST,within_group,450,450,50,400,0.0,0.0175,0.0,7,0
speaker,D_5480,XLS-R+AASIST,within_group,450,450,50,400,0.0,0.0375,0.0,15,0
speaker,D_0978,XLS-R+Nes2Net,within_group,442,442,50,392,0.0,0.007653061224489796,0.0,3,0
speaker,D_0978,XLS-R+AASIST,within_group,442,442,50,392,0.0,0.015306122448979591,0.0,6,0
speaker,D_2793,XLS-R+Nes2Net,within_group,442,442,50,392,0.0,0.007653061224489796,0.0,3,0
speaker,D_2793,XLS-R+AASIST,within_group,442,442,50,392,0.0,0.017857142857142856,0.0,7,0
speaker,D_3183,XLS-R+Nes2Net,within_group,442,442,50,392,0.0,0.017857142857142856,0.0,7,0
speaker,D_3183,XLS-R+AASIST,within_group,442,442,50,392,0.0,0.03826530612244898,0.0,15,0
speaker,D_4269,XLS-R+Nes2Net,within_group,442,442,50,392,0.0,0.017857142857142856,0.0,7,0
speaker,D_4269,XLS-R+AASIST,within_group,442,442,50,392,0.0,0.03571428571428571,0.0,14,0
speaker,D_4767,XLS-R+Nes2Net,within_group,442,442,50,392,0.0,0.01020408163265306,0.0,4,0
speaker,D_5397,XLS-R+Nes2Net,within_group,442,442,50,392,0.0,0.017857142857142856,0.0,7,0
speaker,D_5397,XLS-R+AASIST,within_group,442,442,50,392,0.0,0.04846938775510204,0.0,19,0
speaker,D_0755,XLS-R+Nes2Net,within_group,434,434,50,384,0.0,0.010416666666666666,0.0,4,0
speaker,D_0755,XLS-R+AASIST,within_group,434,434,50,384,0.0,0.013020833333333334,0.0,5,0
speaker,D_5433,XLS-R+Nes2Net,within_group,434,434,50,384,0.0,0.013020833333333334,0.0,5,0
speaker,D_5433,XLS-R+AASIST,within_group,434,434,50,384,0.0,0.057291666666666664,0.0,22,0
speaker,D_0059,XLS-R+Nes2Net,within_group,426,426,50,376,0.0,0.015957446808510637,0.0,6,0
speaker,D_1002,XLS-R+AASIST,within_group,426,426,50,376,0.0,0.03723404255319149,0.0,14,0
speaker,D_1341,XLS-R+Nes2Net,within_group,426,426,50,376,0.0,0.015957446808510637,0.0,6,0
speaker,D_1921,XLS-R+Nes2Net,within_group,426,426,50,376,0.0,0.015957446808510637,0.0,6,0
speaker,D_1921,XLS-R+AASIST,within_group,426,426,50,376,0.0,0.015957446808510637,0.0,6,0
speaker,D_2529,XLS-R+Nes2Net,within_group,426,426,50,376,0.0,0.023936170212765957,0.0,9,0
speaker,D_2529,XLS-R+AASIST,within_group,426,426,50,376,0.0,0.034574468085106384,0.0,13,0
speaker,D_2684,XLS-R+Nes2Net,within_group,426,426,50,376,0.0,0.0026595744680851063,0.0,1,0
speaker,D_2684,XLS-R+AASIST,within_group,426,426,50,376,0.0,0.010638297872340425,0.0,4,0
speaker,D_4384,XLS-R+AASIST,within_group,426,426,50,376,0.0,0.023936170212765957,0.0,9,0
speaker,D_5214,XLS-R+Nes2Net,within_group,426,426,50,376,0.0,0.018617021276595744,0.0,7,0
speaker,D_0976,XLS-R+Nes2Net,within_group,418,418,50,368,0.0,0.010869565217391304,0.0,4,0
speaker,D_1741,XLS-R+Nes2Net,within_group,418,418,50,368,0.0,0.016304347826086956,0.0,6,0
speaker,D_1741,XLS-R+AASIST,within_group,418,418,50,368,0.0,0.01358695652173913,0.0,5,0
speaker,D_2073,XLS-R+Nes2Net,within_group,418,418,50,368,0.0,0.010869565217391304,0.0,4,0
speaker,D_2619,XLS-R+Nes2Net,within_group,418,418,50,368,0.0,0.01358695652173913,0.0,5,0
speaker,D_2619,XLS-R+AASIST,within_group,418,418,50,368,0.0,0.029891304347826088,0.0,11,0
speaker,D_2968,XLS-R+AASIST,within_group,418,418,50,368,0.0,0.03260869565217391,0.0,12,0
speaker,D_3504,XLS-R+Nes2Net,within_group,418,418,50,368,0.0,0.021739130434782608,0.0,8,0
speaker,D_3504,XLS-R+AASIST,within_group,418,418,50,368,0.0,0.016304347826086956,0.0,6,0
speaker,D_3772,XLS-R+Nes2Net,within_group,418,418,50,368,0.0,0.002717391304347826,0.0,1,0
speaker,D_3772,XLS-R+AASIST,within_group,418,418,50,368,0.0,0.008152173913043478,0.0,3,0
speaker,D_4675,XLS-R+Nes2Net,within_group,418,418,50,368,0.0,0.002717391304347826,0.0,1,0
speaker,D_4675,XLS-R+AASIST,within_group,418,418,50,368,0.0,0.002717391304347826,0.0,1,0
speaker,D_4888,XLS-R+Nes2Net,within_group,418,418,50,368,0.0,0.010869565217391304,0.0,4,0
speaker,D_4888,XLS-R+AASIST,within_group,418,418,50,368,0.0,0.02717391304347826,0.0,10,0
speaker,D_4932,XLS-R+AASIST,within_group,418,418,50,368,0.0,0.024456521739130436,0.0,9,0
speaker,D_5283,XLS-R+Nes2Net,within_group,418,418,50,368,0.0,0.029891304347826088,0.0,11,0
speaker,D_0106,XLS-R+Nes2Net,within_group,410,410,50,360,0.0,0.019444444444444445,0.0,7,0
speaker,D_0590,XLS-R+Nes2Net,within_group,410,410,50,360,0.0,0.025,0.0,9,0
speaker,D_0590,XLS-R+AASIST,within_group,410,410,50,360,0.0,0.025,0.0,9,0
speaker,D_0819,XLS-R+Nes2Net,within_group,410,410,50,360,0.0,0.011111111111111112,0.0,4,0
speaker,D_0819,XLS-R+AASIST,within_group,410,410,50,360,0.0,0.008333333333333333,0.0,3,0
speaker,D_1739,XLS-R+Nes2Net,within_group,410,410,50,360,0.0,0.025,0.0,9,0
speaker,D_1739,XLS-R+AASIST,within_group,410,410,50,360,0.0,0.027777777777777776,0.0,10,0
speaker,D_2657,XLS-R+Nes2Net,within_group,410,410,50,360,0.0,0.005555555555555556,0.0,2,0
speaker,D_2657,XLS-R+AASIST,within_group,410,410,50,360,0.0,0.025,0.0,9,0
speaker,D_2975,XLS-R+Nes2Net,within_group,410,410,50,360,0.0,0.019444444444444445,0.0,7,0
speaker,D_2975,XLS-R+AASIST,within_group,410,410,50,360,0.0,0.05277777777777778,0.0,19,0
speaker,D_2991,XLS-R+Nes2Net,within_group,410,410,50,360,0.0,0.011111111111111112,0.0,4,0
speaker,D_2991,XLS-R+AASIST,within_group,410,410,50,360,0.0,0.027777777777777776,0.0,10,0
speaker,D_3063,XLS-R+Nes2Net,within_group,410,410,50,360,0.0,0.019444444444444445,0.0,7,0
speaker,D_3063,XLS-R+AASIST,within_group,410,410,50,360,0.0,0.025,0.0,9,0
speaker,D_4081,XLS-R+Nes2Net,within_group,410,410,50,360,0.0,0.008333333333333333,0.0,3,0
speaker,D_4081,XLS-R+AASIST,within_group,410,410,50,360,0.0,0.022222222222222223,0.0,8,0
speaker,D_5274,XLS-R+Nes2Net,within_group,410,410,50,360,0.0,0.011111111111111112,0.0,4,0
speaker,D_5274,XLS-R+AASIST,within_group,410,410,50,360,0.0,0.016666666666666666,0.0,6,0
speaker,D_0358,XLS-R+Nes2Net,within_group,402,402,50,352,0.0,0.03409090909090909,0.0,12,0
speaker,D_2059,XLS-R+Nes2Net,within_group,402,402,50,352,0.0,0.011363636363636364,0.0,4,0
speaker,D_2059,XLS-R+AASIST,within_group,402,402,50,352,0.0,0.014204545454545454,0.0,5,0
speaker,D_3273,XLS-R+Nes2Net,within_group,402,402,50,352,0.0,0.008522727272727272,0.0,3,0
speaker,D_3437,XLS-R+Nes2Net,within_group,402,402,50,352,0.0,0.019886363636363636,0.0,7,0
speaker,D_3437,XLS-R+AASIST,within_group,402,402,50,352,0.0,0.022727272727272728,0.0,8,0
speaker,D_3964,XLS-R+Nes2Net,within_group,402,402,50,352,0.0,0.005681818181818182,0.0,2,0
speaker,D_3964,XLS-R+AASIST,within_group,402,402,50,352,0.0,0.014204545454545454,0.0,5,0
speaker,D_4205,XLS-R+Nes2Net,within_group,402,402,50,352,0.0,0.011363636363636364,0.0,4,0
speaker,D_4205,XLS-R+AASIST,within_group,402,402,50,352,0.0,0.036931818181818184,0.0,13,0
speaker,D_4607,XLS-R+Nes2Net,within_group,402,402,50,352,0.0,0.022727272727272728,0.0,8,0
speaker,D_4607,XLS-R+AASIST,within_group,402,402,50,352,0.0,0.02556818181818182,0.0,9,0
speaker,D_4721,XLS-R+Nes2Net,within_group,402,402,50,352,0.0,0.019886363636363636,0.0,7,0
speaker,D_4721,XLS-R+AASIST,within_group,402,402,50,352,0.0,0.019886363636363636,0.0,7,0
speaker,D_3124,XLS-R+Nes2Net,within_group,394,394,50,344,0.0,0.03197674418604651,0.0,11,0
speaker,D_3124,XLS-R+AASIST,within_group,394,394,50,344,0.0,0.04941860465116279,0.0,17,0
speaker,D_3132,XLS-R+Nes2Net,within_group,394,394,50,344,0.0,0.020348837209302327,0.0,7,0
speaker,D_3132,XLS-R+AASIST,within_group,394,394,50,344,0.0,0.01744186046511628,0.0,6,0
speaker,D_4511,XLS-R+Nes2Net,within_group,394,394,50,344,0.0,0.014534883720930232,0.0,5,0
speaker,D_4619,XLS-R+Nes2Net,within_group,394,394,50,344,0.0,0.011627906976744186,0.0,4,0
speaker,D_5102,XLS-R+Nes2Net,within_group,394,394,50,344,0.0,0.014534883720930232,0.0,5,0
speaker,D_5102,XLS-R+AASIST,within_group,394,394,50,344,0.0,0.046511627906976744,0.0,16,0
speaker,D_5204,XLS-R+Nes2Net,within_group,394,394,50,344,0.0,0.02616279069767442,0.0,9,0
speaker,D_1398,XLS-R+Nes2Net,within_group,386,386,50,336,0.0,0.008928571428571428,0.0,3,0
speaker,D_1398,XLS-R+AASIST,within_group,386,386,50,336,0.0,0.041666666666666664,0.0,14,0
speaker,D_2371,XLS-R+Nes2Net,within_group,386,386,50,336,0.0,0.044642857142857144,0.0,15,0
speaker,D_2913,XLS-R+Nes2Net,within_group,386,386,50,336,0.0,0.011904761904761904,0.0,4,0
speaker,D_2913,XLS-R+AASIST,within_group,386,386,50,336,0.0,0.017857142857142856,0.0,6,0
speaker,D_3037,XLS-R+Nes2Net,within_group,386,386,50,336,0.0,0.020833333333333332,0.0,7,0
speaker,D_3037,XLS-R+AASIST,within_group,386,386,50,336,0.0,0.026785714285714284,0.0,9,0
speaker,D_3237,XLS-R+AASIST,within_group,386,386,50,336,0.0,0.03273809523809524,0.0,11,0
speaker,D_3689,XLS-R+Nes2Net,within_group,386,386,50,336,0.0,0.01488095238095238,0.0,5,0
speaker,D_3689,XLS-R+AASIST,within_group,386,386,50,336,0.0,0.020833333333333332,0.0,7,0
speaker,D_4029,XLS-R+Nes2Net,within_group,386,386,50,336,0.0,0.01488095238095238,0.0,5,0
speaker,D_4029,XLS-R+AASIST,within_group,386,386,50,336,0.0,0.020833333333333332,0.0,7,0
speaker,D_4320,XLS-R+Nes2Net,within_group,386,386,50,336,0.0,0.002976190476190476,0.0,1,0
speaker,D_4874,XLS-R+Nes2Net,within_group,386,386,50,336,0.0,0.011904761904761904,0.0,4,0
speaker,D_4874,XLS-R+AASIST,within_group,386,386,50,336,0.0,0.011904761904761904,0.0,4,0
speaker,D_5248,XLS-R+Nes2Net,within_group,386,386,50,336,0.0,0.023809523809523808,0.0,8,0
speaker,D_5248,XLS-R+AASIST,within_group,386,386,50,336,0.0,0.017857142857142856,0.0,6,0
speaker,D_5290,XLS-R+Nes2Net,within_group,386,386,50,336,0.0,0.008928571428571428,0.0,3,0
speaker,D_5290,XLS-R+AASIST,within_group,386,386,50,336,0.0,0.008928571428571428,0.0,3,0
speaker,D_3429,XLS-R+AASIST,within_group,378,378,50,328,0.0,0.021341463414634148,0.0,7,0
speaker,D_4844,XLS-R+Nes2Net,within_group,378,378,50,328,0.0,0.01524390243902439,0.0,5,0
speaker,D_4844,XLS-R+AASIST,within_group,378,378,50,328,0.0,0.03048780487804878,0.0,10,0
speaker,D_4957,XLS-R+Nes2Net,within_group,378,378,50,328,0.0,0.006097560975609756,0.0,2,0
speaker,D_4957,XLS-R+AASIST,within_group,378,378,50,328,0.0,0.01524390243902439,0.0,5,0
speaker,D_0090,XLS-R+Nes2Net,within_group,370,370,50,320,0.0,0.0125,0.0,4,0
speaker,D_2464,XLS-R+Nes2Net,within_group,370,370,50,320,0.0,0.01875,0.0,6,0
speaker,D_2464,XLS-R+AASIST,within_group,370,370,50,320,0.0,0.021875,0.0,7,0
speaker,D_5174,XLS-R+Nes2Net,within_group,370,370,50,320,0.0,0.03125,0.0,10,0
speaker,D_5174,XLS-R+AASIST,within_group,370,370,50,320,0.0,0.040625,0.0,13,0
speaker,D_0151,XLS-R+Nes2Net,within_group,362,362,50,312,0.0,0.0,0.0,0,0
speaker,D_0368,XLS-R+AASIST,within_group,362,362,50,312,0.0,0.05448717948717949,0.0,17,0
speaker,D_0487,XLS-R+Nes2Net,within_group,362,362,50,312,0.0,0.04487179487179487,0.0,14,0
speaker,D_1331,XLS-R+Nes2Net,within_group,362,362,50,312,0.0,0.019230769230769232,0.0,6,0
speaker,D_1331,XLS-R+AASIST,within_group,362,362,50,312,0.0,0.028846153846153848,0.0,9,0
speaker,D_3798,XLS-R+Nes2Net,within_group,362,362,50,312,0.0,0.016025641025641024,0.0,5,0
speaker,D_3798,XLS-R+AASIST,within_group,362,362,50,312,0.0,0.016025641025641024,0.0,5,0
speaker,D_3890,XLS-R+Nes2Net,within_group,362,362,50,312,0.0,0.01282051282051282,0.0,4,0
speaker,D_3890,XLS-R+AASIST,within_group,362,362,50,312,0.0,0.038461538461538464,0.0,12,0
speaker,D_4069,XLS-R+Nes2Net,within_group,362,362,50,312,0.0,0.00641025641025641,0.0,2,0
speaker,D_4069,XLS-R+AASIST,within_group,362,362,50,312,0.0,0.016025641025641024,0.0,5,0
speaker,D_1948,XLS-R+Nes2Net,within_group,354,354,50,304,0.0,0.03289473684210526,0.0,10,0
speaker,D_1948,XLS-R+AASIST,within_group,354,354,50,304,0.0,0.023026315789473683,0.0,7,0
speaker,D_2288,XLS-R+Nes2Net,within_group,354,354,50,304,0.0,0.013157894736842105,0.0,4,0
speaker,D_2288,XLS-R+AASIST,within_group,354,354,50,304,0.0,0.03289473684210526,0.0,10,0
speaker,D_3175,XLS-R+Nes2Net,within_group,354,354,50,304,0.0,0.013157894736842105,0.0,4,0
speaker,D_4377,XLS-R+AASIST,within_group,354,354,50,304,0.0,0.03289473684210526,0.0,10,0
speaker,D_5113,XLS-R+Nes2Net,within_group,354,354,50,304,0.0,0.013157894736842105,0.0,4,0
speaker,D_0293,XLS-R+Nes2Net,within_group,346,346,50,296,0.0,0.02027027027027027,0.0,6,0
speaker,D_0906,XLS-R+Nes2Net,within_group,346,346,50,296,0.0,0.016891891891891893,0.0,5,0
speaker,D_0906,XLS-R+AASIST,within_group,346,346,50,296,0.0,0.016891891891891893,0.0,5,0
speaker,D_5153,XLS-R+Nes2Net,within_group,346,346,50,296,0.0,0.02702702702702703,0.0,8,0
speaker,D_5153,XLS-R+AASIST,within_group,346,346,50,296,0.0,0.010135135135135136,0.0,3,0
speaker,D_3732,XLS-R+Nes2Net,within_group,338,338,50,288,0.0,0.003472222222222222,0.0,1,0
speaker,D_0132,XLS-R+Nes2Net,within_group,330,330,50,280,0.0,0.0035714285714285713,0.0,1,0
speaker,D_0383,XLS-R+Nes2Net,within_group,330,330,50,280,0.0,0.007142857142857143,0.0,2,0
speaker,D_0562,XLS-R+Nes2Net,within_group,330,330,50,280,0.0,0.0,0.0,0,0
speaker,D_0562,XLS-R+AASIST,within_group,330,330,50,280,0.0,0.02142857142857143,0.0,6,0
speaker,D_3378,XLS-R+Nes2Net,within_group,330,330,50,280,0.0,0.014285714285714285,0.0,4,0
speaker,D_3378,XLS-R+AASIST,within_group,330,330,50,280,0.0,0.0035714285714285713,0.0,1,0
speaker,D_4579,XLS-R+AASIST,within_group,330,330,50,280,0.0,0.03571428571428571,0.0,10,0
speaker,D_5474,XLS-R+Nes2Net,within_group,330,330,50,280,0.0,0.02142857142857143,0.0,6,0
speaker,D_5474,XLS-R+AASIST,within_group,330,330,50,280,0.0,0.02857142857142857,0.0,8,0
speaker,D_1637,XLS-R+Nes2Net,within_group,322,322,50,272,0.0,0.007352941176470588,0.0,2,0
speaker,D_2460,XLS-R+Nes2Net,within_group,322,322,50,272,0.0,0.007352941176470588,0.0,2,0
speaker,D_2460,XLS-R+AASIST,within_group,322,322,50,272,0.0,0.011029411764705883,0.0,3,0
speaker,D_0062,XLS-R+Nes2Net,within_group,314,314,50,264,0.0,0.015151515151515152,0.0,4,0
speaker,D_1306,XLS-R+Nes2Net,within_group,314,314,50,264,0.0,0.011363636363636364,0.0,3,0
speaker,D_1306,XLS-R+AASIST,within_group,314,314,50,264,0.0,0.011363636363636364,0.0,3,0
speaker,D_2095,XLS-R+Nes2Net,within_group,314,314,50,264,0.0,0.026515151515151516,0.0,7,0
speaker,D_2357,XLS-R+Nes2Net,within_group,314,314,50,264,0.0,0.015151515151515152,0.0,4,0
speaker,D_0835,XLS-R+Nes2Net,within_group,306,306,50,256,0.0,0.0234375,0.0,6,0
speaker,D_0835,XLS-R+AASIST,within_group,306,306,50,256,0.0,0.01953125,0.0,5,0
speaker,D_3518,XLS-R+Nes2Net,within_group,306,306,50,256,0.0,0.01171875,0.0,3,0
speaker,D_3518,XLS-R+AASIST,within_group,306,306,50,256,0.0,0.015625,0.0,4,0
speaker,D_3545,XLS-R+Nes2Net,within_group,306,306,50,256,0.0,0.0078125,0.0,2,0
speaker,D_3545,XLS-R+AASIST,within_group,306,306,50,256,0.0,0.0234375,0.0,6,0
speaker,D_5457,XLS-R+Nes2Net,within_group,306,306,50,256,0.0,0.0234375,0.0,6,0
speaker,D_1461,XLS-R+Nes2Net,within_group,298,298,50,248,0.0,0.020161290322580645,0.0,5,0
speaker,D_1461,XLS-R+AASIST,within_group,298,298,50,248,0.0,0.028225806451612902,0.0,7,0
speaker,D_2835,XLS-R+AASIST,within_group,298,298,50,248,0.0,0.028225806451612902,0.0,7,0
speaker,D_2884,XLS-R+Nes2Net,within_group,298,298,50,248,0.0,0.016129032258064516,0.0,4,0
speaker,D_2884,XLS-R+AASIST,within_group,298,298,50,248,0.0,0.020161290322580645,0.0,5,0
speaker,D_3003,XLS-R+Nes2Net,within_group,298,298,50,248,0.0,0.020161290322580645,0.0,5,0
speaker,D_3003,XLS-R+AASIST,within_group,298,298,50,248,0.0,0.016129032258064516,0.0,4,0
speaker,D_3014,XLS-R+Nes2Net,within_group,298,298,50,248,0.0,0.0,0.0,0,0
speaker,D_3014,XLS-R+AASIST,within_group,298,298,50,248,0.0,0.020161290322580645,0.0,5,0
speaker,D_2141,XLS-R+Nes2Net,within_group,290,290,50,240,0.0,0.008333333333333333,0.0,2,0
speaker,D_2141,XLS-R+AASIST,within_group,290,290,50,240,0.0,0.029166666666666667,0.0,7,0
speaker,D_2364,XLS-R+AASIST,within_group,290,290,50,240,0.0,0.016666666666666666,0.0,4,0
speaker,D_3679,XLS-R+Nes2Net,within_group,290,290,50,240,0.0,0.020833333333333332,0.0,5,0
speaker,D_3679,XLS-R+AASIST,within_group,290,290,50,240,0.0,0.025,0.0,6,0
speaker,D_4847,XLS-R+Nes2Net,within_group,290,290,50,240,0.0,0.004166666666666667,0.0,1,0
speaker,D_0425,XLS-R+Nes2Net,within_group,282,282,50,232,0.0,0.02586206896551724,0.0,6,0
speaker,D_0425,XLS-R+AASIST,within_group,282,282,50,232,0.0,0.03879310344827586,0.0,9,0
speaker,D_4882,XLS-R+Nes2Net,within_group,282,282,50,232,0.0,0.0,0.0,0,0
speaker,D_4882,XLS-R+AASIST,within_group,282,282,50,232,0.0,0.008620689655172414,0.0,2,0
speaker,D_5112,XLS-R+Nes2Net,within_group,282,282,50,232,0.0,0.021551724137931036,0.0,5,0
speaker,D_5112,XLS-R+AASIST,within_group,282,282,50,232,0.0,0.03017241379310345,0.0,7,0
speaker,D_1153,XLS-R+Nes2Net,within_group,274,274,50,224,0.0,0.03571428571428571,0.0,8,0
speaker,D_1153,XLS-R+AASIST,within_group,274,274,50,224,0.0,0.049107142857142856,0.0,11,0
speaker,D_2648,XLS-R+Nes2Net,within_group,274,274,50,224,0.0,0.008928571428571428,0.0,2,0
speaker,D_2648,XLS-R+AASIST,within_group,274,274,50,224,0.0,0.008928571428571428,0.0,2,0
speaker,D_5314,XLS-R+Nes2Net,within_group,274,274,50,224,0.0,0.008928571428571428,0.0,2,0
speaker,D_5314,XLS-R+AASIST,within_group,274,274,50,224,0.0,0.04017857142857143,0.0,9,0
speaker,D_4825,XLS-R+Nes2Net,within_group,266,266,50,216,0.0,0.027777777777777776,0.0,6,0
speaker,D_4951,XLS-R+Nes2Net,within_group,266,266,50,216,0.0,0.018518518518518517,0.0,4,0
speaker,D_4951,XLS-R+AASIST,within_group,266,266,50,216,0.0,0.018518518518518517,0.0,4,0
speaker,D_5273,XLS-R+Nes2Net,within_group,266,266,50,216,0.0,0.041666666666666664,0.0,9,0
speaker,D_5273,XLS-R+AASIST,within_group,266,266,50,216,0.0,0.05555555555555555,0.0,12,0
speaker,D_2561,XLS-R+Nes2Net,within_group,258,258,50,208,0.0,0.009615384615384616,0.0,2,0
speaker,D_2561,XLS-R+AASIST,within_group,258,258,50,208,0.0,0.009615384615384616,0.0,2,0
speaker,D_5213,XLS-R+Nes2Net,within_group,258,258,50,208,0.0,0.004807692307692308,0.0,1,0
speaker,D_5213,XLS-R+AASIST,within_group,258,258,50,208,0.0,0.014423076923076924,0.0,3,0
speaker,D_4964,XLS-R+Nes2Net,within_group,250,250,50,200,0.0,0.015,0.0,3,0
speaker,D_4964,XLS-R+AASIST,within_group,250,250,50,200,0.0,0.015,0.0,3,0
speaker,D_5367,XLS-R+Nes2Net,within_group,250,250,50,200,0.0,0.01,0.0,2,0
speaker,D_5367,XLS-R+AASIST,within_group,250,250,50,200,0.0,0.045,0.0,9,0
speaker,D_0004,XLS-R+Nes2Net,within_group,242,242,50,192,0.0,0.010416666666666666,0.0,2,0
speaker,D_0537,XLS-R+Nes2Net,within_group,242,242,50,192,0.0,0.010416666666666666,0.0,2,0
speaker,D_3697,XLS-R+Nes2Net,within_group,242,242,50,192,0.0,0.010416666666666666,0.0,2,0
speaker,D_3697,XLS-R+AASIST,within_group,242,242,50,192,0.0,0.010416666666666666,0.0,2,0
speaker,D_0750,XLS-R+Nes2Net,within_group,234,234,50,184,0.0,0.02717391304347826,0.0,5,0
speaker,D_3606,XLS-R+Nes2Net,within_group,234,234,50,184,0.0,0.016304347826086956,0.0,3,0
speaker,D_4627,XLS-R+Nes2Net,within_group,218,218,50,168,0.0,0.005952380952380952,0.0,1,0
speaker,D_4627,XLS-R+AASIST,within_group,218,218,50,168,0.0,0.017857142857142856,0.0,3,0
speaker,D_5222,XLS-R+Nes2Net,within_group,213,213,37,176,0.0,0.011363636363636364,0.0,2,0
speaker,D_5222,XLS-R+AASIST,within_group,213,213,37,176,0.0,0.028409090909090908,0.0,5,0
speaker,D_0467,XLS-R+Nes2Net,within_group,189,189,45,144,0.0,0.006944444444444444,0.0,1,0
speaker,D_0467,XLS-R+AASIST,within_group,189,189,45,144,0.0,0.013888888888888888,0.0,2,0
speaker,D_0870,XLS-R+Nes2Net,within_group,189,189,45,144,0.0,0.013888888888888888,0.0,2,0
speaker,D_0870,XLS-R+AASIST,within_group,189,189,45,144,0.0,0.020833333333333332,0.0,3,0
speaker,D_3561,XLS-R+Nes2Net,within_group,187,187,43,144,0.0,0.027777777777777776,0.0,4,0
speaker,D_3561,XLS-R+AASIST,within_group,187,187,43,144,0.0,0.020833333333333332,0.0,3,0
speaker,D_1215,XLS-R+Nes2Net,within_group,182,182,6,176,0.0,0.017045454545454544,0.0,3,0
speaker,D_1215,XLS-R+AASIST,within_group,182,182,6,176,0.0,0.022727272727272728,0.0,4,0
speaker,D_3745,XLS-R+Nes2Net,within_group,178,178,50,128,0.0,0.0234375,0.0,3,0
speaker,D_3745,XLS-R+AASIST,within_group,178,178,50,128,0.0,0.0078125,0.0,1,0
speaker,D_4108,XLS-R+Nes2Net,within_group,177,177,41,136,0.0,0.014705882352941176,0.0,2,0
speaker,D_4108,XLS-R+AASIST,within_group,177,177,41,136,0.0,0.029411764705882353,0.0,4,0
speaker,D_0236,XLS-R+Nes2Net,within_group,176,176,16,160,0.0,0.00625,0.0,1,0
speaker,D_0236,XLS-R+AASIST,within_group,176,176,16,160,0.0,0.00625,0.0,1,0
speaker,D_5436,XLS-R+Nes2Net,within_group,168,168,40,128,0.0,0.0,0.0,0,0
speaker,D_5436,XLS-R+AASIST,within_group,168,168,40,128,0.0,0.015625,0.0,2,0
speaker,D_5261,XLS-R+Nes2Net,within_group,167,167,39,128,0.0,0.0234375,0.0,3,0
speaker,D_5261,XLS-R+AASIST,within_group,167,167,39,128,0.0,0.03125,0.0,4,0
speaker,D_4574,XLS-R+Nes2Net,within_group,165,165,29,136,0.0,0.029411764705882353,0.0,4,0
speaker,D_4811,XLS-R+Nes2Net,within_group,157,157,45,112,0.0,0.017857142857142856,0.0,2,0
speaker,D_4811,XLS-R+AASIST,within_group,157,157,45,112,0.0,0.026785714285714284,0.0,3,0
speaker,D_4365,XLS-R+Nes2Net,within_group,155,155,3,152,0.0,0.019736842105263157,0.0,3,0
speaker,D_4365,XLS-R+AASIST,within_group,155,155,3,152,0.0,0.019736842105263157,0.0,3,0
speaker,D_0395,XLS-R+Nes2Net,within_group,154,154,10,144,0.0,0.020833333333333332,0.0,3,0
speaker,D_0395,XLS-R+AASIST,within_group,154,154,10,144,0.0,0.034722222222222224,0.0,5,0
speaker,D_2825,XLS-R+Nes2Net,within_group,154,154,18,136,0.0,0.007352941176470588,0.0,1,0
speaker,D_3740,XLS-R+Nes2Net,within_group,154,154,42,112,0.0,0.0,0.0,0,0
speaker,D_3740,XLS-R+AASIST,within_group,154,154,42,112,0.0,0.017857142857142856,0.0,2,0
speaker,D_5424,XLS-R+Nes2Net,within_group,154,154,34,120,0.0,0.0,0.0,0,0
speaker,D_5424,XLS-R+AASIST,within_group,154,154,34,120,0.0,0.025,0.0,3,0
speaker,D_2292,XLS-R+Nes2Net,within_group,153,153,17,136,0.0,0.007352941176470588,0.0,1,0
speaker,D_2292,XLS-R+AASIST,within_group,153,153,17,136,0.0,0.007352941176470588,0.0,1,0
speaker,D_3171,XLS-R+Nes2Net,within_group,153,153,49,104,0.0,0.009615384615384616,0.0,1,0
speaker,D_3171,XLS-R+AASIST,within_group,153,153,49,104,0.0,0.019230769230769232,0.0,2,0
speaker,D_5035,XLS-R+Nes2Net,within_group,151,151,7,144,0.0,0.006944444444444444,0.0,1,0
speaker,D_5035,XLS-R+AASIST,within_group,151,151,7,144,0.0,0.020833333333333332,0.0,3,0
speaker,D_5064,XLS-R+Nes2Net,within_group,150,150,22,128,0.0,0.0,0.0,0,0
speaker,D_5064,XLS-R+AASIST,within_group,150,150,22,128,0.0,0.0234375,0.0,3,0
speaker,D_1125,XLS-R+AASIST,within_group,149,149,21,128,0.0,0.015625,0.0,2,0
speaker,D_2275,XLS-R+Nes2Net,within_group,146,146,18,128,0.0,0.0234375,0.0,3,0
speaker,D_2275,XLS-R+AASIST,within_group,146,146,18,128,0.0,0.046875,0.0,6,0
speaker,D_3511,AASIST3,within_group,145,145,1,144,0.0,0.3680555555555556,0.0,53,0
speaker,D_3511,XLS-R+Nes2Net,within_group,145,145,1,144,0.0,0.034722222222222224,0.0,5,0
speaker,D_3511,XLS-R+AASIST,within_group,145,145,1,144,0.0,0.0625,0.0,9,0
speaker,D_0182,XLS-R+Nes2Net,within_group,144,144,8,136,0.0,0.007352941176470588,0.0,1,0
speaker,D_0182,XLS-R+AASIST,within_group,144,144,8,136,0.0,0.04411764705882353,0.0,6,0
speaker,D_1589,XLS-R+Nes2Net,within_group,143,143,15,128,0.0,0.0078125,0.0,1,0
speaker,D_1589,XLS-R+AASIST,within_group,143,143,15,128,0.0,0.0234375,0.0,3,0
speaker,D_4258,XLS-R+Nes2Net,within_group,142,142,14,128,0.0,0.0,0.0,0,0
speaker,D_4258,XLS-R+AASIST,within_group,142,142,14,128,0.0,0.0078125,0.0,1,0
speaker,D_5355,XLS-R+AASIST,within_group,142,142,14,128,0.0,0.046875,0.0,6,0
speaker,D_2163,XLS-R+Nes2Net,within_group,140,140,28,112,0.0,0.0,0.0,0,0
speaker,D_2163,XLS-R+AASIST,within_group,140,140,28,112,0.0,0.0,0.0,0,0
speaker,D_4143,XLS-R+Nes2Net,within_group,140,140,4,136,0.0,0.007352941176470588,0.0,1,0
speaker,D_4143,XLS-R+AASIST,within_group,140,140,4,136,0.0,0.0,0.0,0,0
speaker,D_1474,XLS-R+Nes2Net,within_group,139,139,27,112,0.0,0.008928571428571428,0.0,1,0
speaker,D_1474,XLS-R+AASIST,within_group,139,139,27,112,0.0,0.008928571428571428,0.0,1,0
speaker,D_3074,XLS-R+Nes2Net,within_group,139,139,3,136,0.0,0.014705882352941176,0.0,2,0
speaker,D_3074,XLS-R+AASIST,within_group,139,139,3,136,0.0,0.03676470588235294,0.0,5,0
speaker,D_0568,XLS-R+Nes2Net,within_group,137,137,33,104,0.0,0.038461538461538464,0.0,4,0
speaker,D_0568,XLS-R+AASIST,within_group,137,137,33,104,0.0,0.07692307692307693,0.0,8,0
speaker,D_2876,XLS-R+Nes2Net,within_group,136,136,24,112,0.0,0.017857142857142856,0.0,2,0
speaker,D_2876,XLS-R+AASIST,within_group,136,136,24,112,0.0,0.017857142857142856,0.0,2,0
speaker,D_0354,XLS-R+Nes2Net,within_group,135,135,39,96,0.0,0.020833333333333332,0.0,2,0
speaker,D_0354,XLS-R+AASIST,within_group,135,135,39,96,0.0,0.0,0.0,0,0
speaker,D_1896,AASIST3,within_group,135,135,47,88,0.0,0.13636363636363635,0.0,12,0
speaker,D_1896,XLS-R+Nes2Net,within_group,135,135,47,88,0.0,0.06818181818181818,0.0,6,0
speaker,D_5148,XLS-R+Nes2Net,within_group,135,135,7,128,0.0,0.0234375,0.0,3,0
speaker,D_5148,XLS-R+AASIST,within_group,135,135,7,128,0.0,0.0234375,0.0,3,0
speaker,D_2236,XLS-R+Nes2Net,within_group,134,134,38,96,0.0,0.020833333333333332,0.0,2,0
speaker,D_4838,XLS-R+Nes2Net,within_group,134,134,30,104,0.0,0.038461538461538464,0.0,4,0
speaker,D_4838,XLS-R+AASIST,within_group,134,134,30,104,0.0,0.038461538461538464,0.0,4,0
speaker,D_1102,XLS-R+Nes2Net,within_group,133,133,13,120,0.0,0.016666666666666666,0.0,2,0
speaker,D_1102,XLS-R+AASIST,within_group,133,133,13,120,0.0,0.025,0.0,3,0
speaker,D_0233,XLS-R+Nes2Net,within_group,128,128,32,96,0.0,0.0,0.0,0,0
speaker,D_0233,XLS-R+AASIST,within_group,128,128,32,96,0.0,0.0,0.0,0,0
speaker,D_4660,XLS-R+AASIST,within_group,127,127,31,96,0.0,0.020833333333333332,0.0,2,0
speaker,D_0087,XLS-R+Nes2Net,within_group,125,125,13,112,0.0,0.008928571428571428,0.0,1,0
speaker,D_0087,XLS-R+AASIST,within_group,125,125,13,112,0.0,0.017857142857142856,0.0,2,0
speaker,D_3219,XLS-R+Nes2Net,within_group,125,125,5,120,0.0,0.025,0.0,3,0
speaker,D_3219,XLS-R+AASIST,within_group,125,125,5,120,0.0,0.058333333333333334,0.0,7,0
speaker,D_1725,XLS-R+Nes2Net,within_group,124,124,12,112,0.0,0.008928571428571428,0.0,1,0
speaker,D_1725,XLS-R+AASIST,within_group,124,124,12,112,0.0,0.008928571428571428,0.0,1,0
speaker,D_4461,XLS-R+Nes2Net,within_group,124,124,4,120,0.0,0.008333333333333333,0.0,1,0
speaker,D_4461,XLS-R+AASIST,within_group,124,124,4,120,0.0,0.03333333333333333,0.0,4,0
speaker,D_0309,XLS-R+Nes2Net,within_group,123,123,3,120,0.0,0.025,0.0,3,0
speaker,D_0309,XLS-R+AASIST,within_group,123,123,3,120,0.0,0.008333333333333333,0.0,1,0
speaker,D_5377,XLS-R+Nes2Net,within_group,123,123,11,112,0.0,0.017857142857142856,0.0,2,0
speaker,D_3975,XLS-R+Nes2Net,within_group,122,122,2,120,0.0,0.016666666666666666,0.0,2,0
speaker,D_3975,XLS-R+AASIST,within_group,122,122,2,120,0.0,0.025,0.0,3,0
speaker,D_2111,XLS-R+Nes2Net,within_group,120,120,8,112,0.0,0.03571428571428571,0.0,4,0
speaker,D_2111,XLS-R+AASIST,within_group,120,120,8,112,0.0,0.05357142857142857,0.0,6,0
speaker,D_4116,AASIST3,within_group,119,119,7,112,0.0,0.23214285714285715,0.0,26,0
speaker,D_4116,XLS-R+Nes2Net,within_group,119,119,7,112,0.0,0.03571428571428571,0.0,4,0
speaker,D_1165,XLS-R+Nes2Net,within_group,118,118,6,112,0.0,0.03571428571428571,0.0,4,0
speaker,D_1165,XLS-R+AASIST,within_group,118,118,6,112,0.0,0.0625,0.0,7,0
speaker,D_0921,XLS-R+Nes2Net,within_group,117,117,5,112,0.0,0.026785714285714284,0.0,3,0
speaker,D_0921,XLS-R+AASIST,within_group,117,117,5,112,0.0,0.017857142857142856,0.0,2,0
speaker,D_0399,XLS-R+Nes2Net,within_group,115,115,3,112,0.0,0.017857142857142856,0.0,2,0
speaker,D_0399,XLS-R+AASIST,within_group,115,115,3,112,0.0,0.008928571428571428,0.0,1,0
speaker,D_4945,XLS-R+Nes2Net,within_group,114,114,2,112,0.0,0.026785714285714284,0.0,3,0
speaker,D_4945,XLS-R+AASIST,within_group,114,114,2,112,0.0,0.03571428571428571,0.0,4,0
speaker,D_0065,XLS-R+Nes2Net,within_group,113,113,9,104,0.0,0.028846153846153848,0.0,3,0
speaker,D_0065,XLS-R+AASIST,within_group,113,113,9,104,0.0,0.019230769230769232,0.0,2,0
speaker,D_1319,XLS-R+Nes2Net,within_group,113,113,1,112,0.0,0.008928571428571428,0.0,1,0
speaker,D_1161,XLS-R+Nes2Net,within_group,109,109,13,96,0.0,0.010416666666666666,0.0,1,0
speaker,D_1161,XLS-R+AASIST,within_group,109,109,13,96,0.0,0.020833333333333332,0.0,2,0
speaker,D_5167,XLS-R+Nes2Net,within_group,108,108,12,96,0.0,0.010416666666666666,0.0,1,0
speaker,D_5167,XLS-R+AASIST,within_group,108,108,12,96,0.0,0.020833333333333332,0.0,2,0
speaker,D_1468,XLS-R+Nes2Net,within_group,107,107,11,96,0.0,0.020833333333333332,0.0,2,0
speaker,D_1468,XLS-R+AASIST,within_group,107,107,11,96,0.0,0.020833333333333332,0.0,2,0
speaker,D_3402,LFCC+LCNN,within_group,105,105,1,104,0.0,0.34615384615384615,0.0,36,0
speaker,D_3402,XLS-R+Nes2Net,within_group,105,105,1,104,0.0,0.009615384615384616,0.0,1,0
speaker,D_3402,XLS-R+AASIST,within_group,105,105,1,104,0.0,0.057692307692307696,0.0,6,0
speaker,D_0582,XLS-R+Nes2Net,within_group,100,100,4,96,0.0,0.0625,0.0,6,0
speaker,D_0582,XLS-R+AASIST,within_group,100,100,4,96,0.0,0.052083333333333336,0.0,5,0
speaker,D_1250,XLS-R+Nes2Net,within_group,100,100,4,96,0.0,0.0,0.0,0,0
speaker,D_1250,XLS-R+AASIST,within_group,100,100,4,96,0.0,0.010416666666666666,0.0,1,0
speaker,D_1719,XLS-R+Nes2Net,within_group,99,99,3,96,0.0,0.03125,0.0,3,0
speaker,D_1719,XLS-R+AASIST,within_group,99,99,3,96,0.0,0.020833333333333332,0.0,2,0
speaker,D_2670,XLS-R+Nes2Net,within_group,93,93,21,72,0.0,0.013888888888888888,0.0,1,0
speaker,D_2670,XLS-R+AASIST,within_group,93,93,21,72,0.0,0.027777777777777776,0.0,2,0
speaker,D_1569,AASIST3,within_group,90,90,2,88,0.0,0.2727272727272727,0.0,24,0
speaker,D_3276,XLS-R+Nes2Net,within_group,75,75,11,64,0.0,0.0,0.0,0,0
speaker,D_3276,XLS-R+AASIST,within_group,75,75,11,64,0.0,0.015625,0.0,1,0
